{"files": [{"path": "java/0005-JavaEE/0002-Servlet/0000-Servletjianjie.md", "rname": "0000-Servlet\u7b80\u4ecb.md", "mtime": 1423805067.0, "mode": "file", "name": "0000-Servletjianjie.md"}, {"path": "java/0005-JavaEE/0002-Servlet/0001-Servletjiekou\u3001GenericServletlei\u3001HttpServletlei.md", "rname": "0001-Servlet\u63a5\u53e3\u3001GenericServlet\u7c7b\u3001HttpServlet\u7c7b.md", "mtime": 1423805067.0, "mode": "file", "name": "0001-Servletjiekou\u3001GenericServletlei\u3001HttpServletlei.md"}, {"path": "java/0005-JavaEE/0002-Servlet/0002-shiyongGenericServletshili.md", "rname": "0002-\u4f7f\u7528GenericServlet\u5b9e\u4f8b.md", "mtime": 1423805067.0, "mode": "file", "name": "0002-shiyongGenericServletshili.md"}, {"path": "java/0005-JavaEE/0002-Servlet/0003-shiyongHttpServletjiandanshili.md", "rname": "0003-\u4f7f\u7528HttpServlet\u7b80\u5355\u5b9e\u4f8b.md", "mtime": 1423805067.0, "mode": "file", "name": "0003-shiyongHttpServletjiandanshili.md"}, {"path": "java/0005-JavaEE/0002-Servlet/0004-qingqiuzhuanfa.md", "rname": "0004-\u8bf7\u6c42\u8f6c\u53d1.md", "mtime": 1423805067.0, "mode": "file", "name": "0004-qingqiuzhuanfa.md"}, {"path": "java/0005-JavaEE/0002-Servlet/0005-guanyuCookie.md", "rname": "0005-\u5173\u4e8eCookie.md", "mtime": 1423805067.0, "mode": "file", "name": "0005-guanyuCookie.md"}, {"path": "java/0005-JavaEE/0002-Servlet/0006-guanyuHttpSession.md", "rname": "0006-\u5173\u4e8eHttpSession.md", "mtime": 1423805067.0, "mode": "file", "name": "0006-guanyuHttpSession.md"}, {"path": "java/0005-JavaEE/0002-Servlet/0007-ServletConfigduixiangheServletContextduixiang.md", "rname": "0007-ServletConfig\u5bf9\u8c61\u548cServletContext\u5bf9\u8c61.md", "mtime": 1423805067.0, "mode": "file", "name": "0007-ServletConfigduixiangheServletContextduixiang.md"}, {"path": "java/0005-JavaEE/0002-Servlet/0008-jiantingshijianheguolvqi.md", "rname": "0008-\u76d1\u542c\u4e8b\u4ef6\u548c\u8fc7\u6ee4\u5668.md", "mtime": 1423805067.0, "mode": "file", "name": "0008-jiantingshijianheguolvqi.md"}, {"path": "java/0005-JavaEE/0002-Servlet/0009-jiejueluanmawenti.md", "rname": "0009-\u89e3\u51b3\u4e71\u7801\u95ee\u9898.md", "mtime": 1423805067.0, "mode": "file", "name": "0009-jiejueluanmawenti.md"}, {"path": "java/0005-JavaEE/0002-Servlet/0010-servletdishengmingzhouqi.md", "rname": "0010-servlet\u7684\u751f\u547d\u5468\u671f.md", "mtime": 1423805067.0, "mode": "file", "name": "0010-servletdishengmingzhouqi.md"}], "rname": "0002-Servlet", "name": "0002-Servlet", "mode": "tree", "mtime": 1423918645.0, "path": "java/0005-JavaEE/0002-Servlet"}