{"files": [{"path": "java/0001-jichu/0008-qita/0000-Eclipse changyongkuaijiejian.md", "rname": "0000-Eclipse \u5e38\u7528\u5feb\u6377\u952e.md", "mtime": 1423805067.0, "mode": "file", "name": "0000-Eclipse changyongkuaijiejian.md"}, {"path": "java/0001-jichu/0008-qita/0001-ruhechengweijavagaoshou.md", "rname": "0001-\u5982\u4f55\u6210\u4e3ajava\u9ad8\u624b.md", "mtime": 1423805067.0, "mode": "file", "name": "0001-ruhechengweijavagaoshou.md"}, {"path": "java/0001-jichu/0008-qita/0002-Javachuxuezhedi30gechangjianwenti.md", "rname": "0002-Java\u521d\u5b66\u8005\u768430\u4e2a\u5e38\u89c1\u95ee\u9898.md", "mtime": 1423805067.0, "mode": "file", "name": "0002-Javachuxuezhedi30gechangjianwenti.md"}, {"path": "java/0001-jichu/0008-qita/0003-chuxuezheduyinggaigaodongdiwenti.md", "rname": "0003-\u521d\u5b66\u8005\u90fd\u5e94\u8be5\u641e\u61c2\u7684\u95ee\u9898.md", "mtime": 1423805067.0, "mode": "file", "name": "0003-chuxuezheduyinggaigaodongdiwenti.md"}, {"path": "java/0001-jichu/0008-qita/0004-Javazhongshigechangjiandiweiguibianma.md", "rname": "0004-Java\u4e2d\u5341\u4e2a\u5e38\u89c1\u7684\u8fdd\u89c4\u7f16\u7801.md", "mtime": 1423805067.0, "mode": "file", "name": "0004-Javazhongshigechangjiandiweiguibianma.md"}], "rname": "0008-\u5176\u5b83", "name": "0008-qita", "mode": "tree", "mtime": 1424193311.0, "path": "java/0001-jichu/0008-qita"}