{"files": [{"path": "java/database/gaojihuati/0000-SQLzhuruloudongyuanli.md", "rname": "0000-SQL\u6ce8\u5165\u6f0f\u6d1e\u539f\u7406.md", "mtime": 1423805067.0, "mode": "file", "name": "0000-SQLzhuruloudongyuanli.md"}, {"path": "java/database/gaojihuati/0001-guolvminganzifu.md", "rname": "0001-\u8fc7\u6ee4\u654f\u611f\u5b57\u7b26.md", "mtime": 1423805067.0, "mode": "file", "name": "0001-guolvminganzifu.md"}, {"path": "java/database/gaojihuati/0002-shiyongcanshuhuaSQL.md", "rname": "0002-\u4f7f\u7528\u53c2\u6570\u5316SQL.md", "mtime": 1423805067.0, "mode": "file", "name": "0002-shiyongcanshuhuaSQL.md"}, {"path": "java/database/gaojihuati/0003-SQLtiaoyoudijibenyuanze.md", "rname": "0003-SQL\u8c03\u4f18\u7684\u57fa\u672c\u539f\u5219.md", "mtime": 1423805067.0, "mode": "file", "name": "0003-SQLtiaoyoudijibenyuanze.md"}, {"path": "java/database/gaojihuati/0004-suoyin.md", "rname": "0004-\u7d22\u5f15.md", "mtime": 1423805067.0, "mode": "file", "name": "0004-suoyin.md"}, {"path": "java/database/gaojihuati/0005-biaosaomiaohesuoyinchazhao.md", "rname": "0005-\u8868\u626b\u63cf\u548c\u7d22\u5f15\u67e5\u627e.md", "mtime": 1423805067.0, "mode": "file", "name": "0005-biaosaomiaohesuoyinchazhao.md"}, {"path": "java/database/gaojihuati/0006-youhuashoufa.md", "rname": "0006-\u4f18\u5316\u624b\u6cd5.md", "mtime": 1423805067.0, "mode": "file", "name": "0006-youhuashoufa.md"}, {"path": "java/database/gaojihuati/0007-shiwujianjie.md", "rname": "0007-\u4e8b\u52a1\u7b80\u4ecb.md", "mtime": 1423805067.0, "mode": "file", "name": "0007-shiwujianjie.md"}, {"path": "java/database/gaojihuati/0008-shiwudigeli.md", "rname": "0008-\u4e8b\u52a1\u7684\u9694\u79bb.md", "mtime": 1423805067.0, "mode": "file", "name": "0008-shiwudigeli.md"}, {"path": "java/database/gaojihuati/0009-shiwudigelijibie.md", "rname": "0009-\u4e8b\u52a1\u7684\u9694\u79bb\u7ea7\u522b.md", "mtime": 1423805067.0, "mode": "file", "name": "0009-shiwudigelijibie.md"}, {"path": "java/database/gaojihuati/0010-shiwudishiyong.md", "rname": "0010-\u4e8b\u52a1\u7684\u4f7f\u7528.md", "mtime": 1423805067.0, "mode": "file", "name": "0010-shiwudishiyong.md"}, {"path": "java/database/gaojihuati/0011-zidongzengchangziduan.md", "rname": "0011-\u81ea\u52a8\u589e\u957f\u5b57\u6bb5.md", "mtime": 1423805067.0, "mode": "file", "name": "0011-zidongzengchangziduan.md"}, {"path": "java/database/gaojihuati/0012-yewuzhujianyuluojizhujian.md", "rname": "0012-\u4e1a\u52a1\u4e3b\u952e\u4e0e\u903b\u8f91\u4e3b\u952e.md", "mtime": 1423805067.0, "mode": "file", "name": "0012-yewuzhujianyuluojizhujian.md"}, {"path": "java/database/gaojihuati/0013-NULLdixuewen.md", "rname": "0013-NULL\u7684\u5b66\u95ee.md", "mtime": 1423805067.0, "mode": "file", "name": "0013-NULLdixuewen.md"}], "rname": "\u9ad8\u7ea7\u8bdd\u9898", "name": "gaojihuati", "mode": "tree", "mtime": 1423918645.0, "path": "java/database/gaojihuati"}