{"files": [{"path": "dist/markdown/basic/qita/0000-Eclipse changyongkuaijiejian.md", "rname": "0000-Eclipse \u5e38\u7528\u5feb\u6377\u952e.md", "mtime": 1423805067.0, "mode": "file", "name": "0000-Eclipse changyongkuaijiejian.md"}, {"path": "dist/markdown/basic/qita/0001-ruhechengweijavagaoshou.md", "rname": "0001-\u5982\u4f55\u6210\u4e3ajava\u9ad8\u624b.md", "mtime": 1423805067.0, "mode": "file", "name": "0001-ruhechengweijavagaoshou.md"}], "rname": "\u5176\u5b83", "name": "qita", "mode": "tree", "mtime": 1423918645.0, "path": "dist/markdown/basic/qita"}