{"files": [{"path": "java/puzzle/zifumiti", "rname": "\u5b57\u7b26\u8c1c\u9898", "mtime": 1423918645.0, "mode": "tree", "name": "zifumiti"}, {"path": "java/puzzle/kumiti", "rname": "\u5e93\u8c1c\u9898", "mtime": 1423918645.0, "mode": "tree", "name": "kumiti"}, {"path": "java/puzzle/yichangmiti", "rname": "\u5f02\u5e38\u8c1c\u9898", "mtime": 1423918645.0, "mode": "tree", "name": "yichangmiti"}, {"path": "java/puzzle/xunhuanmiti", "rname": "\u5faa\u73af\u8c1c\u9898", "mtime": 1423918645.0, "mode": "tree", "name": "xunhuanmiti"}, {"path": "java/puzzle/leimiti", "rname": "\u7c7b\u8c1c\u9898", "mtime": 1423918645.0, "mode": "tree", "name": "leimiti"}, {"path": "java/puzzle/biaodashimiti", "rname": "\u8868\u8fbe\u5f0f\u8c1c\u9898", "mtime": 1423918645.0, "mode": "tree", "name": "biaodashimiti"}, {"path": "java/puzzle/gaojimiti", "rname": "\u9ad8\u7ea7\u8c1c\u9898", "mtime": 1423918645.0, "mode": "tree", "name": "gaojimiti"}], "rname": "puzzle", "name": "puzzle", "mode": "tree", "mtime": 1423918645.0, "path": "java/puzzle"}