{"files": [{"path": "markdown/puzzle/\u5b57\u7b26\u8c1c\u9898", "mtime": 1423300260.0, "mode": "tree", "name": "\u5b57\u7b26\u8c1c\u9898"}, {"path": "markdown/puzzle/\u5e93\u8c1c\u9898", "mtime": 1423300260.0, "mode": "tree", "name": "\u5e93\u8c1c\u9898"}, {"path": "markdown/puzzle/\u5f02\u5e38\u8c1c\u9898", "mtime": 1423300260.0, "mode": "tree", "name": "\u5f02\u5e38\u8c1c\u9898"}, {"path": "markdown/puzzle/\u5faa\u73af\u8c1c\u9898", "mtime": 1423300260.0, "mode": "tree", "name": "\u5faa\u73af\u8c1c\u9898"}, {"path": "markdown/puzzle/\u7c7b\u8c1c\u9898", "mtime": 1423300260.0, "mode": "tree", "name": "\u7c7b\u8c1c\u9898"}, {"path": "markdown/puzzle/\u8868\u8fbe\u5f0f\u8c1c\u9898", "mtime": 1423300260.0, "mode": "tree", "name": "\u8868\u8fbe\u5f0f\u8c1c\u9898"}, {"path": "markdown/puzzle/\u9ad8\u7ea7\u8c1c\u9898", "mtime": 1423300260.0, "mode": "tree", "name": "\u9ad8\u7ea7\u8c1c\u9898"}], "path": "markdown/puzzle", "mtime": 1423300260.0, "mode": "tree", "name": "puzzle"}