{"files": [{"path": "java/database/shujudijiansuo/0000-shujuzhunbei.md", "rname": "0000-\u6570\u636e\u51c6\u5907.md", "mtime": 1423805067.0, "mode": "file", "name": "0000-shujuzhunbei.md"}, {"path": "java/database/shujudijiansuo/0001-jiandandishujujiansuo.md", "rname": "0001-\u7b80\u5355\u7684\u6570\u636e\u68c0\u7d22.md", "mtime": 1423805067.0, "mode": "file", "name": "0001-jiandandishujujiansuo.md"}, {"path": "java/database/shujudijiansuo/0002-antiaojianguolv.md", "rname": "0002-\u6309\u6761\u4ef6\u8fc7\u6ee4.md", "mtime": 1423805067.0, "mode": "file", "name": "0002-antiaojianguolv.md"}, {"path": "java/database/shujudijiansuo/0003-shujuhuizong.md", "rname": "0003-\u6570\u636e\u6c47\u603b.md", "mtime": 1423805067.0, "mode": "file", "name": "0003-shujuhuizong.md"}, {"path": "java/database/shujudijiansuo/0004-paixu.md", "rname": "0004-\u6392\u5e8f.md", "mtime": 1423805067.0, "mode": "file", "name": "0004-paixu.md"}, {"path": "java/database/shujudijiansuo/0005-tongpeifuguolv.md", "rname": "0005-\u901a\u914d\u7b26\u8fc7\u6ee4.md", "mtime": 1423805067.0, "mode": "file", "name": "0005-tongpeifuguolv.md"}, {"path": "java/database/shujudijiansuo/0006-kongzhijiance.md", "rname": "0006-\u7a7a\u503c\u68c0\u6d4b.md", "mtime": 1423805067.0, "mode": "file", "name": "0006-kongzhijiance.md"}, {"path": "java/database/shujudijiansuo/0007-fanyiyunsuanfu.md", "rname": "0007-\u53cd\u4e49\u8fd0\u7b97\u7b26.md", "mtime": 1423805067.0, "mode": "file", "name": "0007-fanyiyunsuanfu.md"}, {"path": "java/database/shujudijiansuo/0008-duozhijiance.md", "rname": "0008-\u591a\u503c\u68c0\u6d4b.md", "mtime": 1423805067.0, "mode": "file", "name": "0008-duozhijiance.md"}, {"path": "java/database/shujudijiansuo/0009-fanweizhijiance.md", "rname": "0009-\u8303\u56f4\u503c\u68c0\u6d4b.md", "mtime": 1423805067.0, "mode": "file", "name": "0009-fanweizhijiance.md"}, {"path": "java/database/shujudijiansuo/0010-shujufenzu.md", "rname": "0010-\u6570\u636e\u5206\u7ec4.md", "mtime": 1423805067.0, "mode": "file", "name": "0010-shujufenzu.md"}, {"path": "java/database/shujudijiansuo/0011-shujufenzurumen.md", "rname": "0011-\u6570\u636e\u5206\u7ec4\u5165\u95e8.md", "mtime": 1423805067.0, "mode": "file", "name": "0011-shujufenzurumen.md"}, {"path": "java/database/shujudijiansuo/0012-shujufenzuyujuhehanshu.md", "rname": "0012-\u6570\u636e\u5206\u7ec4\u4e0e\u805a\u5408\u51fd\u6570.md", "mtime": 1423805067.0, "mode": "file", "name": "0012-shujufenzuyujuhehanshu.md"}, {"path": "java/database/shujudijiansuo/0013-HAVING yuju.md", "rname": "0013-HAVING \u8bed\u53e5.md", "mtime": 1423805067.0, "mode": "file", "name": "0013-HAVING yuju.md"}, {"path": "java/database/shujudijiansuo/0014-xianzhijieguojihangshu.md", "rname": "0014-\u9650\u5236\u7ed3\u679c\u96c6\u884c\u6570.md", "mtime": 1423805067.0, "mode": "file", "name": "0014-xianzhijieguojihangshu.md"}, {"path": "java/database/shujudijiansuo/0015-yizhishujuzhongfu.md", "rname": "0015-\u6291\u5236\u6570\u636e\u91cd\u590d.md", "mtime": 1423805067.0, "mode": "file", "name": "0015-yizhishujuzhongfu.md"}, {"path": "java/database/shujudijiansuo/0016-jisuanziduan.md", "rname": "0016-\u8ba1\u7b97\u5b57\u6bb5.md", "mtime": 1423805067.0, "mode": "file", "name": "0016-jisuanziduan.md"}, {"path": "java/database/shujudijiansuo/0017-shujuchulihanshu.md", "rname": "0017-\u6570\u636e\u5904\u7406\u51fd\u6570.md", "mtime": 1423805067.0, "mode": "file", "name": "0017-shujuchulihanshu.md"}, {"path": "java/database/shujudijiansuo/0018-zifuchuandipinjie.md", "rname": "0018-\u5b57\u7b26\u4e32\u7684\u62fc\u63a5.md", "mtime": 1423805067.0, "mode": "file", "name": "0018-zifuchuandipinjie.md"}, {"path": "java/database/shujudijiansuo/0019-jisuanziduandiqitayongtu.md", "rname": "0019-\u8ba1\u7b97\u5b57\u6bb5\u7684\u5176\u4ed6\u7528\u9014.md", "mtime": 1423805067.0, "mode": "file", "name": "0019-jisuanziduandiqitayongtu.md"}, {"path": "java/database/shujudijiansuo/0020-bucongshitibiaozhongqudishuju.md", "rname": "0020-\u4e0d\u4ece\u5b9e\u4f53\u8868\u4e2d\u53d6\u7684\u6570\u636e.md", "mtime": 1423805067.0, "mode": "file", "name": "0020-bucongshitibiaozhongqudishuju.md"}, {"path": "java/database/shujudijiansuo/0021-lianhejieguoji.md", "rname": "0021-\u8054\u5408\u7ed3\u679c\u96c6.md", "mtime": 1423805067.0, "mode": "file", "name": "0021-lianhejieguoji.md"}, {"path": "java/database/shujudijiansuo/0022-jiandandijieguojilianhe.md", "rname": "0022-\u7b80\u5355\u7684\u7ed3\u679c\u96c6\u8054\u5408.md", "mtime": 1423805067.0, "mode": "file", "name": "0022-jiandandijieguojilianhe.md"}, {"path": "java/database/shujudijiansuo/0023-lianhejieguojidiyuanze.md", "rname": "0023-\u8054\u5408\u7ed3\u679c\u96c6\u7684\u539f\u5219.md", "mtime": 1423805067.0, "mode": "file", "name": "0023-lianhejieguojidiyuanze.md"}, {"path": "java/database/shujudijiansuo/0024-UNION ALL.md", "rname": "0024-UNION ALL.md", "mtime": 1423805067.0, "mode": "file", "name": "0024-UNION ALL.md"}], "rname": "\u6570\u636e\u7684\u68c0\u7d22", "name": "shujudijiansuo", "mode": "tree", "mtime": 1423918645.0, "path": "java/database/shujudijiansuo"}