{"files": [{"path": "markdown/pattern/\u7ed3\u6784\u578b\u6a21\u5f0f/0000-23\u79cd\u8bbe\u8ba1\u6a21\u5f0f\uff0817\uff09\uff1a\u9002\u914d\u5668\u6a21\u5f0f.md", "mtime": 1423299926.0, "mode": "file", "name": "0000-23\u79cd\u8bbe\u8ba1\u6a21\u5f0f\uff0817\uff09\uff1a\u9002\u914d\u5668\u6a21\u5f0f.md"}, {"path": "markdown/pattern/\u7ed3\u6784\u578b\u6a21\u5f0f/0001-23\u79cd\u8bbe\u8ba1\u6a21\u5f0f\uff0818\uff09\uff1a\u6865\u63a5\u6a21\u5f0f.md", "mtime": 1423299926.0, "mode": "file", "name": "0001-23\u79cd\u8bbe\u8ba1\u6a21\u5f0f\uff0818\uff09\uff1a\u6865\u63a5\u6a21\u5f0f.md"}, {"path": "markdown/pattern/\u7ed3\u6784\u578b\u6a21\u5f0f/0002-23\u79cd\u8bbe\u8ba1\u6a21\u5f0f\uff0819\uff09\uff1a\u7ec4\u5408\u6a21\u5f0f.md", "mtime": 1423299926.0, "mode": "file", "name": "0002-23\u79cd\u8bbe\u8ba1\u6a21\u5f0f\uff0819\uff09\uff1a\u7ec4\u5408\u6a21\u5f0f.md"}, {"path": "markdown/pattern/\u7ed3\u6784\u578b\u6a21\u5f0f/0003-23\u79cd\u8bbe\u8ba1\u6a21\u5f0f\uff0820\uff09\uff1a\u88c5\u9970\u6a21\u5f0f.md", "mtime": 1423299926.0, "mode": "file", "name": "0003-23\u79cd\u8bbe\u8ba1\u6a21\u5f0f\uff0820\uff09\uff1a\u88c5\u9970\u6a21\u5f0f.md"}, {"path": "markdown/pattern/\u7ed3\u6784\u578b\u6a21\u5f0f/0004-23\u79cd\u8bbe\u8ba1\u6a21\u5f0f\uff0821\uff09\uff1a\u5916\u89c2\u6a21\u5f0f.md", "mtime": 1423299926.0, "mode": "file", "name": "0004-23\u79cd\u8bbe\u8ba1\u6a21\u5f0f\uff0821\uff09\uff1a\u5916\u89c2\u6a21\u5f0f.md"}, {"path": "markdown/pattern/\u7ed3\u6784\u578b\u6a21\u5f0f/0005-23\u79cd\u8bbe\u8ba1\u6a21\u5f0f\uff0822\uff09\uff1a\u4eab\u5143\u6a21\u5f0f.md", "mtime": 1423299926.0, "mode": "file", "name": "0005-23\u79cd\u8bbe\u8ba1\u6a21\u5f0f\uff0822\uff09\uff1a\u4eab\u5143\u6a21\u5f0f.md"}, {"path": "markdown/pattern/\u7ed3\u6784\u578b\u6a21\u5f0f/0006-23\u79cd\u8bbe\u8ba1\u6a21\u5f0f\uff0823\uff09\uff1a\u4ee3\u7406\u6a21\u5f0f.md", "mtime": 1423299926.0, "mode": "file", "name": "0006-23\u79cd\u8bbe\u8ba1\u6a21\u5f0f\uff0823\uff09\uff1a\u4ee3\u7406\u6a21\u5f0f.md"}], "path": "markdown/pattern/\u7ed3\u6784\u578b\u6a21\u5f0f", "mtime": 1423300260.0, "mode": "tree", "name": "\u7ed3\u6784\u578b\u6a21\u5f0f"}