{"files": [{"path": "java/basic/IOliu/0000-liudigainianjijibenfenlei .md", "rname": "0000-\u6d41\u7684\u6982\u5ff5\u53ca\u57fa\u672c\u5206\u7c7b .md", "mtime": 1423805067.0, "mode": "file", "name": "0000-liudigainianjijibenfenlei .md"}, {"path": "java/basic/IOliu/0001-changyongliu.md", "rname": "0001-\u5e38\u7528\u6d41.md", "mtime": 1423805067.0, "mode": "file", "name": "0001-changyongliu.md"}, {"path": "java/basic/IOliu/0002-Fileleijibenyongfa.md", "rname": "0002-File\u7c7b\u57fa\u672c\u7528\u6cd5.md", "mtime": 1423805067.0, "mode": "file", "name": "0002-Fileleijibenyongfa.md"}, {"path": "java/basic/IOliu/0003-zijieliulizi.md", "rname": "0003-\u5b57\u8282\u6d41\u4f8b\u5b50.md", "mtime": 1423805067.0, "mode": "file", "name": "0003-zijieliulizi.md"}], "rname": "IO\u6d41", "name": "IOliu", "mode": "tree", "mtime": 1423918645.0, "path": "java/basic/IOliu"}