{"files": [{"path": "java/0003-suanfashijian/0001-bianchengshijian/0000-[chengxu1].md", "rname": "0000-[\u7a0b\u5e8f1].md", "mtime": 1423805067.0, "mode": "file", "name": "0000-[chengxu1].md"}, {"path": "java/0003-suanfashijian/0001-bianchengshijian/0001-[chengxu2].md", "rname": "0001-[\u7a0b\u5e8f2].md", "mtime": 1423805067.0, "mode": "file", "name": "0001-[chengxu2].md"}, {"path": "java/0003-suanfashijian/0001-bianchengshijian/0002-[chengxu3].md", "rname": "0002-[\u7a0b\u5e8f3].md", "mtime": 1423805067.0, "mode": "file", "name": "0002-[chengxu3].md"}, {"path": "java/0003-suanfashijian/0001-bianchengshijian/0003-[chengxu4].md", "rname": "0003-[\u7a0b\u5e8f4].md", "mtime": 1423805067.0, "mode": "file", "name": "0003-[chengxu4].md"}, {"path": "java/0003-suanfashijian/0001-bianchengshijian/0004-[chengxu5].md", "rname": "0004-[\u7a0b\u5e8f5].md", "mtime": 1423805067.0, "mode": "file", "name": "0004-[chengxu5].md"}, {"path": "java/0003-suanfashijian/0001-bianchengshijian/0005-[chengxu6].md", "rname": "0005-[\u7a0b\u5e8f6].md", "mtime": 1423805067.0, "mode": "file", "name": "0005-[chengxu6].md"}, {"path": "java/0003-suanfashijian/0001-bianchengshijian/0006-[chengxu7].md", "rname": "0006-[\u7a0b\u5e8f7].md", "mtime": 1423805067.0, "mode": "file", "name": "0006-[chengxu7].md"}, {"path": "java/0003-suanfashijian/0001-bianchengshijian/0007-[chengxu8].md", "rname": "0007-[\u7a0b\u5e8f8].md", "mtime": 1423805067.0, "mode": "file", "name": "0007-[chengxu8].md"}, {"path": "java/0003-suanfashijian/0001-bianchengshijian/0008-[chengxu9].md", "rname": "0008-[\u7a0b\u5e8f9].md", "mtime": 1423805067.0, "mode": "file", "name": "0008-[chengxu9].md"}, {"path": "java/0003-suanfashijian/0001-bianchengshijian/0009-[chengxu10].md", "rname": "0009-[\u7a0b\u5e8f10].md", "mtime": 1423805067.0, "mode": "file", "name": "0009-[chengxu10].md"}, {"path": "java/0003-suanfashijian/0001-bianchengshijian/0010-[chengxu11].md", "rname": "0010-[\u7a0b\u5e8f11].md", "mtime": 1423805067.0, "mode": "file", "name": "0010-[chengxu11].md"}, {"path": "java/0003-suanfashijian/0001-bianchengshijian/0011-[chengxu12].md", "rname": "0011-[\u7a0b\u5e8f12].md", "mtime": 1423805067.0, "mode": "file", "name": "0011-[chengxu12].md"}, {"path": "java/0003-suanfashijian/0001-bianchengshijian/0012-[chengxu13].md", "rname": "0012-[\u7a0b\u5e8f13].md", "mtime": 1423805067.0, "mode": "file", "name": "0012-[chengxu13].md"}, {"path": "java/0003-suanfashijian/0001-bianchengshijian/0013-[chengxu14].md", "rname": "0013-[\u7a0b\u5e8f14].md", "mtime": 1423805067.0, "mode": "file", "name": "0013-[chengxu14].md"}, {"path": "java/0003-suanfashijian/0001-bianchengshijian/0014-[chengxu15].md", "rname": "0014-[\u7a0b\u5e8f15].md", "mtime": 1423805067.0, "mode": "file", "name": "0014-[chengxu15].md"}, {"path": "java/0003-suanfashijian/0001-bianchengshijian/0015-[chengxu16].md", "rname": "0015-[\u7a0b\u5e8f16].md", "mtime": 1423805067.0, "mode": "file", "name": "0015-[chengxu16].md"}, {"path": "java/0003-suanfashijian/0001-bianchengshijian/0016-[chengxu17].md", "rname": "0016-[\u7a0b\u5e8f17].md", "mtime": 1423805067.0, "mode": "file", "name": "0016-[chengxu17].md"}, {"path": "java/0003-suanfashijian/0001-bianchengshijian/0017-[chengxu18].md", "rname": "0017-[\u7a0b\u5e8f18].md", "mtime": 1423805067.0, "mode": "file", "name": "0017-[chengxu18].md"}, {"path": "java/0003-suanfashijian/0001-bianchengshijian/0018-[chengxu19].md", "rname": "0018-[\u7a0b\u5e8f19].md", "mtime": 1423805067.0, "mode": "file", "name": "0018-[chengxu19].md"}, {"path": "java/0003-suanfashijian/0001-bianchengshijian/0019-[chengxu20].md", "rname": "0019-[\u7a0b\u5e8f20].md", "mtime": 1423805067.0, "mode": "file", "name": "0019-[chengxu20].md"}, {"path": "java/0003-suanfashijian/0001-bianchengshijian/0020-[chengxu21].md", "rname": "0020-[\u7a0b\u5e8f21].md", "mtime": 1423805067.0, "mode": "file", "name": "0020-[chengxu21].md"}, {"path": "java/0003-suanfashijian/0001-bianchengshijian/0021-[chengxu22].md", "rname": "0021-[\u7a0b\u5e8f22].md", "mtime": 1423805067.0, "mode": "file", "name": "0021-[chengxu22].md"}, {"path": "java/0003-suanfashijian/0001-bianchengshijian/0022-[chengxu23].md", "rname": "0022-[\u7a0b\u5e8f23].md", "mtime": 1423805067.0, "mode": "file", "name": "0022-[chengxu23].md"}, {"path": "java/0003-suanfashijian/0001-bianchengshijian/0023-[chengxu24].md", "rname": "0023-[\u7a0b\u5e8f24].md", "mtime": 1423805067.0, "mode": "file", "name": "0023-[chengxu24].md"}, {"path": "java/0003-suanfashijian/0001-bianchengshijian/0024-[chengxu25].md", "rname": "0024-[\u7a0b\u5e8f25].md", "mtime": 1423805067.0, "mode": "file", "name": "0024-[chengxu25].md"}, {"path": "java/0003-suanfashijian/0001-bianchengshijian/0025-[chengxu26].md", "rname": "0025-[\u7a0b\u5e8f26].md", "mtime": 1423805067.0, "mode": "file", "name": "0025-[chengxu26].md"}, {"path": "java/0003-suanfashijian/0001-bianchengshijian/0026-[chengxu27].md", "rname": "0026-[\u7a0b\u5e8f27].md", "mtime": 1423805067.0, "mode": "file", "name": "0026-[chengxu27].md"}, {"path": "java/0003-suanfashijian/0001-bianchengshijian/0027-[chengxu28].md", "rname": "0027-[\u7a0b\u5e8f28].md", "mtime": 1423805067.0, "mode": "file", "name": "0027-[chengxu28].md"}, {"path": "java/0003-suanfashijian/0001-bianchengshijian/0028-[chengxu29].md", "rname": "0028-[\u7a0b\u5e8f29].md", "mtime": 1423805067.0, "mode": "file", "name": "0028-[chengxu29].md"}, {"path": "java/0003-suanfashijian/0001-bianchengshijian/0029-[chengxu30].md", "rname": "0029-[\u7a0b\u5e8f30].md", "mtime": 1440231109.0, "mode": "file", "name": "0029-[chengxu30].md"}, {"path": "java/0003-suanfashijian/0001-bianchengshijian/0030-[chengxu31].md", "rname": "0030-[\u7a0b\u5e8f31].md", "mtime": 1423805067.0, "mode": "file", "name": "0030-[chengxu31].md"}, {"path": "java/0003-suanfashijian/0001-bianchengshijian/0031-[chengxu32].md", "rname": "0031-[\u7a0b\u5e8f32].md", "mtime": 1423805067.0, "mode": "file", "name": "0031-[chengxu32].md"}, {"path": "java/0003-suanfashijian/0001-bianchengshijian/0032-[chengxu33].md", "rname": "0032-[\u7a0b\u5e8f33].md", "mtime": 1423805067.0, "mode": "file", "name": "0032-[chengxu33].md"}, {"path": "java/0003-suanfashijian/0001-bianchengshijian/0033-[chengxu34].md", "rname": "0033-[\u7a0b\u5e8f34].md", "mtime": 1423805067.0, "mode": "file", "name": "0033-[chengxu34].md"}, {"path": "java/0003-suanfashijian/0001-bianchengshijian/0034-[chengxu35].md", "rname": "0034-[\u7a0b\u5e8f35].md", "mtime": 1423805067.0, "mode": "file", "name": "0034-[chengxu35].md"}, {"path": "java/0003-suanfashijian/0001-bianchengshijian/0035-[chengxu36].md", "rname": "0035-[\u7a0b\u5e8f36].md", "mtime": 1423805067.0, "mode": "file", "name": "0035-[chengxu36].md"}, {"path": "java/0003-suanfashijian/0001-bianchengshijian/0036-[chengxu37].md", "rname": "0036-[\u7a0b\u5e8f37].md", "mtime": 1423805067.0, "mode": "file", "name": "0036-[chengxu37].md"}, {"path": "java/0003-suanfashijian/0001-bianchengshijian/0037-[chengxu38].md", "rname": "0037-[\u7a0b\u5e8f38].md", "mtime": 1423805067.0, "mode": "file", "name": "0037-[chengxu38].md"}, {"path": "java/0003-suanfashijian/0001-bianchengshijian/0038-[chengxu39].md", "rname": "0038-[\u7a0b\u5e8f39].md", "mtime": 1423805067.0, "mode": "file", "name": "0038-[chengxu39].md"}, {"path": "java/0003-suanfashijian/0001-bianchengshijian/0039-[chengxu40].md", "rname": "0039-[\u7a0b\u5e8f40].md", "mtime": 1423805067.0, "mode": "file", "name": "0039-[chengxu40].md"}, {"path": "java/0003-suanfashijian/0001-bianchengshijian/0040-[chengxu41].md", "rname": "0040-[\u7a0b\u5e8f41].md", "mtime": 1423805067.0, "mode": "file", "name": "0040-[chengxu41].md"}, {"path": "java/0003-suanfashijian/0001-bianchengshijian/0041-[chengxu42].md", "rname": "0041-[\u7a0b\u5e8f42].md", "mtime": 1423805067.0, "mode": "file", "name": "0041-[chengxu42].md"}, {"path": "java/0003-suanfashijian/0001-bianchengshijian/0042-[chengxu43].md", "rname": "0042-[\u7a0b\u5e8f43].md", "mtime": 1423805067.0, "mode": "file", "name": "0042-[chengxu43].md"}, {"path": "java/0003-suanfashijian/0001-bianchengshijian/0043-[chengxu44].md", "rname": "0043-[\u7a0b\u5e8f44].md", "mtime": 1423805067.0, "mode": "file", "name": "0043-[chengxu44].md"}, {"path": "java/0003-suanfashijian/0001-bianchengshijian/0044-[chengxu45].md", "rname": "0044-[\u7a0b\u5e8f45].md", "mtime": 1423805067.0, "mode": "file", "name": "0044-[chengxu45].md"}, {"path": "java/0003-suanfashijian/0001-bianchengshijian/0045-[chengxu46].md", "rname": "0045-[\u7a0b\u5e8f46].md", "mtime": 1423805067.0, "mode": "file", "name": "0045-[chengxu46].md"}, {"path": "java/0003-suanfashijian/0001-bianchengshijian/0046-[chengxu47].md", "rname": "0046-[\u7a0b\u5e8f47].md", "mtime": 1423805067.0, "mode": "file", "name": "0046-[chengxu47].md"}, {"path": "java/0003-suanfashijian/0001-bianchengshijian/0047-[chengxu48].md", "rname": "0047-[\u7a0b\u5e8f48].md", "mtime": 1423805067.0, "mode": "file", "name": "0047-[chengxu48].md"}, {"path": "java/0003-suanfashijian/0001-bianchengshijian/0048-[chengxu49].md", "rname": "0048-[\u7a0b\u5e8f49].md", "mtime": 1423805067.0, "mode": "file", "name": "0048-[chengxu49].md"}, {"path": "java/0003-suanfashijian/0001-bianchengshijian/0049-[chengxu50].md", "rname": "0049-[\u7a0b\u5e8f50].md", "mtime": 1423805067.0, "mode": "file", "name": "0049-[chengxu50].md"}], "rname": "0001-\u7f16\u7a0b\u5b9e\u8df5", "name": "0001-bianchengshijian", "mode": "tree", "mtime": 1424799733.0, "path": "java/0003-suanfashijian/0001-bianchengshijian"}