{"files": [{"path": "java/0003-suanfashijian/0001-bianchengshijian/0000-\u3010chengxu1\u3011.md", "rname": "0000-\u3010\u7a0b\u5e8f1\u3011.md", "mtime": 1423805067.0, "mode": "file", "name": "0000-\u3010chengxu1\u3011.md"}, {"path": "java/0003-suanfashijian/0001-bianchengshijian/0001-\u3010chengxu2\u3011.md", "rname": "0001-\u3010\u7a0b\u5e8f2\u3011.md", "mtime": 1423805067.0, "mode": "file", "name": "0001-\u3010chengxu2\u3011.md"}, {"path": "java/0003-suanfashijian/0001-bianchengshijian/0002-\u3010chengxu3\u3011.md", "rname": "0002-\u3010\u7a0b\u5e8f3\u3011.md", "mtime": 1423805067.0, "mode": "file", "name": "0002-\u3010chengxu3\u3011.md"}, {"path": "java/0003-suanfashijian/0001-bianchengshijian/0003-\u3010chengxu4\u3011.md", "rname": "0003-\u3010\u7a0b\u5e8f4\u3011.md", "mtime": 1423805067.0, "mode": "file", "name": "0003-\u3010chengxu4\u3011.md"}, {"path": "java/0003-suanfashijian/0001-bianchengshijian/0004-\u3010chengxu5\u3011.md", "rname": "0004-\u3010\u7a0b\u5e8f5\u3011.md", "mtime": 1423805067.0, "mode": "file", "name": "0004-\u3010chengxu5\u3011.md"}, {"path": "java/0003-suanfashijian/0001-bianchengshijian/0005-\u3010chengxu6\u3011.md", "rname": "0005-\u3010\u7a0b\u5e8f6\u3011.md", "mtime": 1423805067.0, "mode": "file", "name": "0005-\u3010chengxu6\u3011.md"}, {"path": "java/0003-suanfashijian/0001-bianchengshijian/0006-\u3010chengxu7\u3011.md", "rname": "0006-\u3010\u7a0b\u5e8f7\u3011.md", "mtime": 1423805067.0, "mode": "file", "name": "0006-\u3010chengxu7\u3011.md"}, {"path": "java/0003-suanfashijian/0001-bianchengshijian/0007-\u3010chengxu8\u3011.md", "rname": "0007-\u3010\u7a0b\u5e8f8\u3011.md", "mtime": 1423805067.0, "mode": "file", "name": "0007-\u3010chengxu8\u3011.md"}, {"path": "java/0003-suanfashijian/0001-bianchengshijian/0008-\u3010chengxu9\u3011.md", "rname": "0008-\u3010\u7a0b\u5e8f9\u3011.md", "mtime": 1423805067.0, "mode": "file", "name": "0008-\u3010chengxu9\u3011.md"}, {"path": "java/0003-suanfashijian/0001-bianchengshijian/0009-\u3010chengxu10\u3011.md", "rname": "0009-\u3010\u7a0b\u5e8f10\u3011.md", "mtime": 1423805067.0, "mode": "file", "name": "0009-\u3010chengxu10\u3011.md"}, {"path": "java/0003-suanfashijian/0001-bianchengshijian/0010-\u3010chengxu11\u3011.md", "rname": "0010-\u3010\u7a0b\u5e8f11\u3011.md", "mtime": 1423805067.0, "mode": "file", "name": "0010-\u3010chengxu11\u3011.md"}, {"path": "java/0003-suanfashijian/0001-bianchengshijian/0011-\u3010chengxu12\u3011.md", "rname": "0011-\u3010\u7a0b\u5e8f12\u3011.md", "mtime": 1423805067.0, "mode": "file", "name": "0011-\u3010chengxu12\u3011.md"}, {"path": "java/0003-suanfashijian/0001-bianchengshijian/0012-\u3010chengxu13\u3011.md", "rname": "0012-\u3010\u7a0b\u5e8f13\u3011.md", "mtime": 1423805067.0, "mode": "file", "name": "0012-\u3010chengxu13\u3011.md"}, {"path": "java/0003-suanfashijian/0001-bianchengshijian/0013-\u3010chengxu14\u3011.md", "rname": "0013-\u3010\u7a0b\u5e8f14\u3011.md", "mtime": 1423805067.0, "mode": "file", "name": "0013-\u3010chengxu14\u3011.md"}, {"path": "java/0003-suanfashijian/0001-bianchengshijian/0014-\u3010chengxu15\u3011.md", "rname": "0014-\u3010\u7a0b\u5e8f15\u3011.md", "mtime": 1423805067.0, "mode": "file", "name": "0014-\u3010chengxu15\u3011.md"}, {"path": "java/0003-suanfashijian/0001-bianchengshijian/0015-\u3010chengxu16\u3011.md", "rname": "0015-\u3010\u7a0b\u5e8f16\u3011.md", "mtime": 1423805067.0, "mode": "file", "name": "0015-\u3010chengxu16\u3011.md"}, {"path": "java/0003-suanfashijian/0001-bianchengshijian/0016-\u3010chengxu17\u3011.md", "rname": "0016-\u3010\u7a0b\u5e8f17\u3011.md", "mtime": 1423805067.0, "mode": "file", "name": "0016-\u3010chengxu17\u3011.md"}, {"path": "java/0003-suanfashijian/0001-bianchengshijian/0017-\u3010chengxu18\u3011.md", "rname": "0017-\u3010\u7a0b\u5e8f18\u3011.md", "mtime": 1423805067.0, "mode": "file", "name": "0017-\u3010chengxu18\u3011.md"}, {"path": "java/0003-suanfashijian/0001-bianchengshijian/0018-\u3010chengxu19\u3011.md", "rname": "0018-\u3010\u7a0b\u5e8f19\u3011.md", "mtime": 1423805067.0, "mode": "file", "name": "0018-\u3010chengxu19\u3011.md"}, {"path": "java/0003-suanfashijian/0001-bianchengshijian/0019-\u3010chengxu20\u3011.md", "rname": "0019-\u3010\u7a0b\u5e8f20\u3011.md", "mtime": 1423805067.0, "mode": "file", "name": "0019-\u3010chengxu20\u3011.md"}, {"path": "java/0003-suanfashijian/0001-bianchengshijian/0020-\u3010chengxu21\u3011.md", "rname": "0020-\u3010\u7a0b\u5e8f21\u3011.md", "mtime": 1423805067.0, "mode": "file", "name": "0020-\u3010chengxu21\u3011.md"}, {"path": "java/0003-suanfashijian/0001-bianchengshijian/0021-\u3010chengxu22\u3011.md", "rname": "0021-\u3010\u7a0b\u5e8f22\u3011.md", "mtime": 1423805067.0, "mode": "file", "name": "0021-\u3010chengxu22\u3011.md"}, {"path": "java/0003-suanfashijian/0001-bianchengshijian/0022-\u3010chengxu23\u3011.md", "rname": "0022-\u3010\u7a0b\u5e8f23\u3011.md", "mtime": 1423805067.0, "mode": "file", "name": "0022-\u3010chengxu23\u3011.md"}, {"path": "java/0003-suanfashijian/0001-bianchengshijian/0023-\u3010chengxu24\u3011.md", "rname": "0023-\u3010\u7a0b\u5e8f24\u3011.md", "mtime": 1423805067.0, "mode": "file", "name": "0023-\u3010chengxu24\u3011.md"}, {"path": "java/0003-suanfashijian/0001-bianchengshijian/0024-\u3010chengxu25\u3011.md", "rname": "0024-\u3010\u7a0b\u5e8f25\u3011.md", "mtime": 1423805067.0, "mode": "file", "name": "0024-\u3010chengxu25\u3011.md"}, {"path": "java/0003-suanfashijian/0001-bianchengshijian/0025-\u3010chengxu26\u3011.md", "rname": "0025-\u3010\u7a0b\u5e8f26\u3011.md", "mtime": 1423805067.0, "mode": "file", "name": "0025-\u3010chengxu26\u3011.md"}, {"path": "java/0003-suanfashijian/0001-bianchengshijian/0026-\u3010chengxu27\u3011.md", "rname": "0026-\u3010\u7a0b\u5e8f27\u3011.md", "mtime": 1423805067.0, "mode": "file", "name": "0026-\u3010chengxu27\u3011.md"}, {"path": "java/0003-suanfashijian/0001-bianchengshijian/0027-\u3010chengxu28\u3011.md", "rname": "0027-\u3010\u7a0b\u5e8f28\u3011.md", "mtime": 1423805067.0, "mode": "file", "name": "0027-\u3010chengxu28\u3011.md"}, {"path": "java/0003-suanfashijian/0001-bianchengshijian/0028-\u3010chengxu29\u3011.md", "rname": "0028-\u3010\u7a0b\u5e8f29\u3011.md", "mtime": 1423805067.0, "mode": "file", "name": "0028-\u3010chengxu29\u3011.md"}, {"path": "java/0003-suanfashijian/0001-bianchengshijian/0029-\u3010chengxu30\u3011.md", "rname": "0029-\u3010\u7a0b\u5e8f30\u3011.md", "mtime": 1423805067.0, "mode": "file", "name": "0029-\u3010chengxu30\u3011.md"}, {"path": "java/0003-suanfashijian/0001-bianchengshijian/0030-\u3010chengxu31\u3011.md", "rname": "0030-\u3010\u7a0b\u5e8f31\u3011.md", "mtime": 1423805067.0, "mode": "file", "name": "0030-\u3010chengxu31\u3011.md"}, {"path": "java/0003-suanfashijian/0001-bianchengshijian/0031-\u3010chengxu32\u3011.md", "rname": "0031-\u3010\u7a0b\u5e8f32\u3011.md", "mtime": 1423805067.0, "mode": "file", "name": "0031-\u3010chengxu32\u3011.md"}, {"path": "java/0003-suanfashijian/0001-bianchengshijian/0032-\u3010chengxu33\u3011.md", "rname": "0032-\u3010\u7a0b\u5e8f33\u3011.md", "mtime": 1423805067.0, "mode": "file", "name": "0032-\u3010chengxu33\u3011.md"}, {"path": "java/0003-suanfashijian/0001-bianchengshijian/0033-\u3010chengxu34\u3011.md", "rname": "0033-\u3010\u7a0b\u5e8f34\u3011.md", "mtime": 1423805067.0, "mode": "file", "name": "0033-\u3010chengxu34\u3011.md"}, {"path": "java/0003-suanfashijian/0001-bianchengshijian/0034-\u3010chengxu35\u3011.md", "rname": "0034-\u3010\u7a0b\u5e8f35\u3011.md", "mtime": 1423805067.0, "mode": "file", "name": "0034-\u3010chengxu35\u3011.md"}, {"path": "java/0003-suanfashijian/0001-bianchengshijian/0035-\u3010chengxu36\u3011.md", "rname": "0035-\u3010\u7a0b\u5e8f36\u3011.md", "mtime": 1423805067.0, "mode": "file", "name": "0035-\u3010chengxu36\u3011.md"}, {"path": "java/0003-suanfashijian/0001-bianchengshijian/0036-\u3010chengxu37\u3011.md", "rname": "0036-\u3010\u7a0b\u5e8f37\u3011.md", "mtime": 1423805067.0, "mode": "file", "name": "0036-\u3010chengxu37\u3011.md"}, {"path": "java/0003-suanfashijian/0001-bianchengshijian/0037-\u3010chengxu38\u3011.md", "rname": "0037-\u3010\u7a0b\u5e8f38\u3011.md", "mtime": 1423805067.0, "mode": "file", "name": "0037-\u3010chengxu38\u3011.md"}, {"path": "java/0003-suanfashijian/0001-bianchengshijian/0038-\u3010chengxu39\u3011.md", "rname": "0038-\u3010\u7a0b\u5e8f39\u3011.md", "mtime": 1423805067.0, "mode": "file", "name": "0038-\u3010chengxu39\u3011.md"}, {"path": "java/0003-suanfashijian/0001-bianchengshijian/0039-\u3010chengxu40\u3011.md", "rname": "0039-\u3010\u7a0b\u5e8f40\u3011.md", "mtime": 1423805067.0, "mode": "file", "name": "0039-\u3010chengxu40\u3011.md"}, {"path": "java/0003-suanfashijian/0001-bianchengshijian/0040-\u3010chengxu41\u3011.md", "rname": "0040-\u3010\u7a0b\u5e8f41\u3011.md", "mtime": 1423805067.0, "mode": "file", "name": "0040-\u3010chengxu41\u3011.md"}, {"path": "java/0003-suanfashijian/0001-bianchengshijian/0041-\u3010chengxu42\u3011.md", "rname": "0041-\u3010\u7a0b\u5e8f42\u3011.md", "mtime": 1423805067.0, "mode": "file", "name": "0041-\u3010chengxu42\u3011.md"}, {"path": "java/0003-suanfashijian/0001-bianchengshijian/0042-\u3010chengxu43\u3011.md", "rname": "0042-\u3010\u7a0b\u5e8f43\u3011.md", "mtime": 1423805067.0, "mode": "file", "name": "0042-\u3010chengxu43\u3011.md"}, {"path": "java/0003-suanfashijian/0001-bianchengshijian/0043-\u3010chengxu44\u3011.md", "rname": "0043-\u3010\u7a0b\u5e8f44\u3011.md", "mtime": 1423805067.0, "mode": "file", "name": "0043-\u3010chengxu44\u3011.md"}, {"path": "java/0003-suanfashijian/0001-bianchengshijian/0044-\u3010chengxu45\u3011.md", "rname": "0044-\u3010\u7a0b\u5e8f45\u3011.md", "mtime": 1423805067.0, "mode": "file", "name": "0044-\u3010chengxu45\u3011.md"}, {"path": "java/0003-suanfashijian/0001-bianchengshijian/0045-\u3010chengxu46\u3011.md", "rname": "0045-\u3010\u7a0b\u5e8f46\u3011.md", "mtime": 1423805067.0, "mode": "file", "name": "0045-\u3010chengxu46\u3011.md"}, {"path": "java/0003-suanfashijian/0001-bianchengshijian/0046-\u3010chengxu47\u3011.md", "rname": "0046-\u3010\u7a0b\u5e8f47\u3011.md", "mtime": 1423805067.0, "mode": "file", "name": "0046-\u3010chengxu47\u3011.md"}, {"path": "java/0003-suanfashijian/0001-bianchengshijian/0047-\u3010chengxu48\u3011.md", "rname": "0047-\u3010\u7a0b\u5e8f48\u3011.md", "mtime": 1423805067.0, "mode": "file", "name": "0047-\u3010chengxu48\u3011.md"}, {"path": "java/0003-suanfashijian/0001-bianchengshijian/0048-\u3010chengxu49\u3011.md", "rname": "0048-\u3010\u7a0b\u5e8f49\u3011.md", "mtime": 1423805067.0, "mode": "file", "name": "0048-\u3010chengxu49\u3011.md"}, {"path": "java/0003-suanfashijian/0001-bianchengshijian/0049-\u3010chengxu50\u3011.md", "rname": "0049-\u3010\u7a0b\u5e8f50\u3011.md", "mtime": 1423805067.0, "mode": "file", "name": "0049-\u3010chengxu50\u3011.md"}], "rname": "0001-\u7f16\u7a0b\u5b9e\u8df5", "name": "0001-bianchengshijian", "mode": "tree", "mtime": 1423918645.0, "path": "java/0003-suanfashijian/0001-bianchengshijian"}