{"files": [{"path": "markdown/basic/\u7f51\u7edc\u7f16\u7a0b/0000-\u7f51\u7edc\u7f16\u7a0b\u57fa\u7840\u77e5\u8bc6.md", "mtime": 1423299926.0, "mode": "file", "name": "0000-\u7f51\u7edc\u7f16\u7a0b\u57fa\u7840\u77e5\u8bc6.md"}, {"path": "markdown/basic/\u7f51\u7edc\u7f16\u7a0b/0001-\u57fa\u4e8eURL\u7684\u9ad8\u5c42\u6b21Java\u7f51\u7edc\u7f16\u7a0b.md", "mtime": 1423299926.0, "mode": "file", "name": "0001-\u57fa\u4e8eURL\u7684\u9ad8\u5c42\u6b21Java\u7f51\u7edc\u7f16\u7a0b.md"}, {"path": "markdown/basic/\u7f51\u7edc\u7f16\u7a0b/0002-\u57fa\u4e8eSocket\u7684\u4f4e\u5c42\u6b21Java\u7f51\u7edc\u7f16\u7a0b.md", "mtime": 1423299926.0, "mode": "file", "name": "0002-\u57fa\u4e8eSocket\u7684\u4f4e\u5c42\u6b21Java\u7f51\u7edc\u7f16\u7a0b.md"}, {"path": "markdown/basic/\u7f51\u7edc\u7f16\u7a0b/0003-java\u7f16\u7a0b\u89c4\u8303.md", "mtime": 1423299926.0, "mode": "file", "name": "0003-java\u7f16\u7a0b\u89c4\u8303.md"}], "path": "markdown/basic/\u7f51\u7edc\u7f16\u7a0b", "mtime": 1423300260.0, "mode": "tree", "name": "\u7f51\u7edc\u7f16\u7a0b"}