{"files": [{"path": "java/database/shujukujichu/0000-zhuliushujukuguanlixitongjieshao.md", "rname": "0000-\u4e3b\u6d41\u6570\u636e\u5e93\u7ba1\u7406\u7cfb\u7edf\u4ecb\u7ecd.md", "mtime": 1423805067.0, "mode": "file", "name": "0000-zhuliushujukuguanlixitongjieshao.md"}, {"path": "java/database/shujukujichu/0001-Catalog.md", "rname": "0001-Catalog.md", "mtime": 1423805067.0, "mode": "file", "name": "0001-Catalog.md"}, {"path": "java/database/shujukujichu/0002-biao\uff08Table\uff09.md", "rname": "0002-\u8868\uff08Table\uff09.md", "mtime": 1423805067.0, "mode": "file", "name": "0002-biao\uff08Table\uff09.md"}, {"path": "java/database/shujukujichu/0003-lie\uff08Column\uff09.md", "rname": "0003-\u5217\uff08Column\uff09.md", "mtime": 1423805067.0, "mode": "file", "name": "0003-lie\uff08Column\uff09.md"}, {"path": "java/database/shujukujichu/0004-shujuleixing.md", "rname": "0004-\u6570\u636e\u7c7b\u578b.md", "mtime": 1423805067.0, "mode": "file", "name": "0004-shujuleixing.md"}, {"path": "java/database/shujukujichu/0005-jilu\uff08Record\uff09.md", "rname": "0005-\u8bb0\u5f55\uff08Record\uff09.md", "mtime": 1423805067.0, "mode": "file", "name": "0005-jilu\uff08Record\uff09.md"}, {"path": "java/database/shujukujichu/0006-zhujian\uff08PrimaryKey\uff09.md", "rname": "0006-\u4e3b\u952e\uff08PrimaryKey\uff09.md", "mtime": 1423805067.0, "mode": "file", "name": "0006-zhujian\uff08PrimaryKey\uff09.md"}, {"path": "java/database/shujukujichu/0007-suoyin\uff08Index\uff09.md", "rname": "0007-\u7d22\u5f15\uff08Index\uff09.md", "mtime": 1423805067.0, "mode": "file", "name": "0007-suoyin\uff08Index\uff09.md"}, {"path": "java/database/shujukujichu/0008-biaoguanlian.md", "rname": "0008-\u8868\u5173\u8054.md", "mtime": 1423805067.0, "mode": "file", "name": "0008-biaoguanlian.md"}, {"path": "java/database/shujukujichu/0009-shujukudiyuyan\u2014\u2014SQL.md", "rname": "0009-\u6570\u636e\u5e93\u7684\u8bed\u8a00\u2014\u2014SQL.md", "mtime": 1423805067.0, "mode": "file", "name": "0009-shujukudiyuyan\u2014\u2014SQL.md"}], "rname": "\u6570\u636e\u5e93\u57fa\u7840", "name": "shujukujichu", "mode": "tree", "mtime": 1423918645.0, "path": "java/database/shujukujichu"}