{"files": [{"path": "java/0004-shujuku/0001-shujukujichu", "rname": "0001-\u6570\u636e\u5e93\u57fa\u7840", "mtime": 1440227657.0, "mode": "tree", "name": "0001-shujukujichu"}, {"path": "java/0004-shujuku/0002-shujubiaodichuangjianheguanli", "rname": "0002-\u6570\u636e\u8868\u7684\u521b\u5efa\u548c\u7ba1\u7406", "mtime": 1423918645.0, "mode": "tree", "name": "0002-shujubiaodichuangjianheguanli"}, {"path": "java/0004-shujuku/0003-shujudizengshangai", "rname": "0003-\u6570\u636e\u7684\u589e\u5220\u6539", "mtime": 1423918645.0, "mode": "tree", "name": "0003-shujudizengshangai"}, {"path": "java/0004-shujuku/0004-shujudijiansuo", "rname": "0004-\u6570\u636e\u7684\u68c0\u7d22", "mtime": 1423918645.0, "mode": "tree", "name": "0004-shujudijiansuo"}, {"path": "java/0004-shujuku/0005-hanshu", "rname": "0005-\u51fd\u6570", "mtime": 1423918645.0, "mode": "tree", "name": "0005-hanshu"}, {"path": "java/0004-shujuku/0006-suoyinyuyueshu", "rname": "0006-\u7d22\u5f15\u4e0e\u7ea6\u675f", "mtime": 1423918645.0, "mode": "tree", "name": "0006-suoyinyuyueshu"}, {"path": "java/0004-shujuku/0007-biaolianjie", "rname": "0007-\u8868\u8fde\u63a5", "mtime": 1424771380.0, "mode": "tree", "name": "0007-biaolianjie"}, {"path": "java/0004-shujuku/0008-zichaxun", "rname": "0008-\u5b50\u67e5\u8be2", "mtime": 1423918645.0, "mode": "tree", "name": "0008-zichaxun"}, {"path": "java/0004-shujuku/0009-gaojihuati", "rname": "0009-\u9ad8\u7ea7\u8bdd\u9898", "mtime": 1423918645.0, "mode": "tree", "name": "0009-gaojihuati"}, {"path": "java/0004-shujuku/0010-zhuliushujukudiSQLyufachayiyijiejuefangan", "rname": "0010-\u4e3b\u6d41\u6570\u636e\u5e93\u7684SQL\u8bed\u6cd5\u5dee\u5f02\u4ee5\u89e3\u51b3\u65b9\u6848", "mtime": 1423918645.0, "mode": "tree", "name": "0010-zhuliushujukudiSQLyufachayiyijiejuefangan"}], "rname": "0004-\u6570\u636e\u5e93", "name": "0004-shujuku", "mode": "tree", "mtime": 1424196081.0, "path": "java/0004-shujuku"}