{"files": [{"path": "markdown/java_web/JSP\u7b80\u4ecb/0000-JSP\u8bed\u6cd5.md", "mtime": 1423299926.0, "mode": "file", "name": "0000-JSP\u8bed\u6cd5.md"}, {"path": "markdown/java_web/JSP\u7b80\u4ecb/0001-\u6307\u4ee4\u5143\u7d20.md", "mtime": 1423299926.0, "mode": "file", "name": "0001-\u6307\u4ee4\u5143\u7d20.md"}, {"path": "markdown/java_web/JSP\u7b80\u4ecb/0002-\u52a8\u4f5c\u5143\u7d20.md", "mtime": 1423299926.0, "mode": "file", "name": "0002-\u52a8\u4f5c\u5143\u7d20.md"}, {"path": "markdown/java_web/JSP\u7b80\u4ecb/0003-jsp\u4e2d\u7684\u9690\u542b9\u5bf9\u8c61.md", "mtime": 1423299926.0, "mode": "file", "name": "0003-jsp\u4e2d\u7684\u9690\u542b9\u5bf9\u8c61.md"}, {"path": "markdown/java_web/JSP\u7b80\u4ecb/0004-JSP\u7684\u51e0\u4e2a\u9875\u9762\u6307\u4ee4.md", "mtime": 1423299926.0, "mode": "file", "name": "0004-JSP\u7684\u51e0\u4e2a\u9875\u9762\u6307\u4ee4.md"}, {"path": "markdown/java_web/JSP\u7b80\u4ecb/0005-JSP(Servlet)\u4e2d\u4ece\u8fde\u63a5\u6c60\u83b7\u53d6\u8fde\u63a5.md", "mtime": 1423299926.0, "mode": "file", "name": "0005-JSP(Servlet)\u4e2d\u4ece\u8fde\u63a5\u6c60\u83b7\u53d6\u8fde\u63a5.md"}, {"path": "markdown/java_web/JSP\u7b80\u4ecb/0006-\u5904\u7406javabean\u7684JSP\u6807\u7b7e.md", "mtime": 1423299926.0, "mode": "file", "name": "0006-\u5904\u7406javabean\u7684JSP\u6807\u7b7e.md"}, {"path": "markdown/java_web/JSP\u7b80\u4ecb/0007-\u4f7f\u7528\u81ea\u5b9a\u4e49\u7684\u6807\u7b7e.md", "mtime": 1423299926.0, "mode": "file", "name": "0007-\u4f7f\u7528\u81ea\u5b9a\u4e49\u7684\u6807\u7b7e.md"}, {"path": "markdown/java_web/JSP\u7b80\u4ecb/0008-EL\u8868\u8fbe\u5f0f.md", "mtime": 1423299926.0, "mode": "file", "name": "0008-EL\u8868\u8fbe\u5f0f.md"}, {"path": "markdown/java_web/JSP\u7b80\u4ecb/0009-\u4e3aJSP\u5199\u7684\u4e00\u5957\u6838\u5fc3\u6807\u7b7e.md", "mtime": 1423299926.0, "mode": "file", "name": "0009-\u4e3aJSP\u5199\u7684\u4e00\u5957\u6838\u5fc3\u6807\u7b7e.md"}, {"path": "markdown/java_web/JSP\u7b80\u4ecb/0010-MVC.md", "mtime": 1423299926.0, "mode": "file", "name": "0010-MVC.md"}], "path": "markdown/java_web/JSP\u7b80\u4ecb", "mtime": 1423300260.0, "mode": "tree", "name": "JSP\u7b80\u4ecb"}