{"files": [{"path": "markdown/database/\u6570\u636e\u5e93\u57fa\u7840/0000-\u4e3b\u6d41\u6570\u636e\u5e93\u7ba1\u7406\u7cfb\u7edf\u4ecb\u7ecd.md", "mtime": 1423299926.0, "mode": "file", "name": "0000-\u4e3b\u6d41\u6570\u636e\u5e93\u7ba1\u7406\u7cfb\u7edf\u4ecb\u7ecd.md"}, {"path": "markdown/database/\u6570\u636e\u5e93\u57fa\u7840/0001-Catalog.md", "mtime": 1423299926.0, "mode": "file", "name": "0001-Catalog.md"}, {"path": "markdown/database/\u6570\u636e\u5e93\u57fa\u7840/0002-\u8868\uff08Table\uff09.md", "mtime": 1423299926.0, "mode": "file", "name": "0002-\u8868\uff08Table\uff09.md"}, {"path": "markdown/database/\u6570\u636e\u5e93\u57fa\u7840/0003-\u5217\uff08Column\uff09.md", "mtime": 1423299926.0, "mode": "file", "name": "0003-\u5217\uff08Column\uff09.md"}, {"path": "markdown/database/\u6570\u636e\u5e93\u57fa\u7840/0004-\u6570\u636e\u7c7b\u578b.md", "mtime": 1423299926.0, "mode": "file", "name": "0004-\u6570\u636e\u7c7b\u578b.md"}, {"path": "markdown/database/\u6570\u636e\u5e93\u57fa\u7840/0005-\u8bb0\u5f55\uff08Record\uff09.md", "mtime": 1423299926.0, "mode": "file", "name": "0005-\u8bb0\u5f55\uff08Record\uff09.md"}, {"path": "markdown/database/\u6570\u636e\u5e93\u57fa\u7840/0006-\u4e3b\u952e\uff08PrimaryKey\uff09.md", "mtime": 1423299926.0, "mode": "file", "name": "0006-\u4e3b\u952e\uff08PrimaryKey\uff09.md"}, {"path": "markdown/database/\u6570\u636e\u5e93\u57fa\u7840/0007-\u7d22\u5f15\uff08Index\uff09.md", "mtime": 1423299926.0, "mode": "file", "name": "0007-\u7d22\u5f15\uff08Index\uff09.md"}, {"path": "markdown/database/\u6570\u636e\u5e93\u57fa\u7840/0008-\u8868\u5173\u8054.md", "mtime": 1423299926.0, "mode": "file", "name": "0008-\u8868\u5173\u8054.md"}, {"path": "markdown/database/\u6570\u636e\u5e93\u57fa\u7840/0009-\u6570\u636e\u5e93\u7684\u8bed\u8a00\u2014\u2014SQL.md", "mtime": 1423299926.0, "mode": "file", "name": "0009-\u6570\u636e\u5e93\u7684\u8bed\u8a00\u2014\u2014SQL.md"}], "path": "markdown/database/\u6570\u636e\u5e93\u57fa\u7840", "mtime": 1423300260.0, "mode": "tree", "name": "\u6570\u636e\u5e93\u57fa\u7840"}