{"files": [{"path": "java/0008-Javamiti/0003-xunhuanmiti/0000-miti24 jinqingxiangshoumeiyigezijie.md", "rname": "0000-\u8c1c\u989824 \u5c3d\u60c5\u4eab\u53d7\u6bcf\u4e00\u4e2a\u5b57\u8282.md", "mtime": 1423805067.0, "mode": "file", "name": "0000-miti24 jinqingxiangshoumeiyigezijie.md"}, {"path": "java/0008-Javamiti/0003-xunhuanmiti/0001-miti25 wuqingdizengliangcaozuo.md", "rname": "0001-\u8c1c\u989825 \u65e0\u60c5\u7684\u589e\u91cf\u64cd\u4f5c.md", "mtime": 1423805067.0, "mode": "file", "name": "0001-miti25 wuqingdizengliangcaozuo.md"}, {"path": "java/0008-Javamiti/0003-xunhuanmiti/0002-miti26 zaixunhuanzhong.md", "rname": "0002-\u8c1c\u989826 \u5728\u5faa\u73af\u4e2d.md", "mtime": 1423805067.0, "mode": "file", "name": "0002-miti26 zaixunhuanzhong.md"}, {"path": "java/0008-Javamiti/0003-xunhuanmiti/0003-miti27 bianhuanmocediizhi.md", "rname": "0003-\u8c1c\u989827 \u53d8\u5e7b\u83ab\u6d4b\u7684i\u503c.md", "mtime": 1423805067.0, "mode": "file", "name": "0003-miti27 bianhuanmocediizhi.md"}, {"path": "java/0008-Javamiti/0003-xunhuanmiti/0004-miti28 xunhuanzhe.md", "rname": "0004-\u8c1c\u989828 \u5faa\u73af\u8005.md", "mtime": 1423805067.0, "mode": "file", "name": "0004-miti28 xunhuanzhe.md"}, {"path": "java/0008-Javamiti/0003-xunhuanmiti/0005-miti29 xunhuanzhedixinniang.md", "rname": "0005-\u8c1c\u989829 \u5faa\u73af\u8005\u7684\u65b0\u5a18.md", "mtime": 1423805067.0, "mode": "file", "name": "0005-miti29 xunhuanzhedixinniang.md"}, {"path": "java/0008-Javamiti/0003-xunhuanmiti/0006-miti30 xunhuanzhediaizi.md", "rname": "0006-\u8c1c\u989830 \u5faa\u73af\u8005\u7684\u7231\u5b50.md", "mtime": 1423805067.0, "mode": "file", "name": "0006-miti30 xunhuanzhediaizi.md"}, {"path": "java/0008-Javamiti/0003-xunhuanmiti/0007-miti31 xunhuanzhediguihun.md", "rname": "0007-\u8c1c\u989831 \u5faa\u73af\u8005\u7684\u9b3c\u9b42.md", "mtime": 1423805067.0, "mode": "file", "name": "0007-miti31 xunhuanzhediguihun.md"}, {"path": "java/0008-Javamiti/0003-xunhuanmiti/0008-miti32 xunhuanzhedizuzhou.md", "rname": "0008-\u8c1c\u989832 \u5faa\u73af\u8005\u7684\u8bc5\u5492.md", "mtime": 1423805067.0, "mode": "file", "name": "0008-miti32 xunhuanzhedizuzhou.md"}, {"path": "java/0008-Javamiti/0003-xunhuanmiti/0009-miti33 xunhuanzheyudaoliaolangren.md", "rname": "0009-\u8c1c\u989833 \u5faa\u73af\u8005\u9047\u5230\u4e86\u72fc\u4eba.md", "mtime": 1423805067.0, "mode": "file", "name": "0009-miti33 xunhuanzheyudaoliaolangren.md"}, {"path": "java/0008-Javamiti/0003-xunhuanmiti/0010-miti34 beijishujidaoliao.md", "rname": "0010-\u8c1c\u989834 \u88ab\u8ba1\u6570\u51fb\u5012\u4e86.md", "mtime": 1423805067.0, "mode": "file", "name": "0010-miti34 beijishujidaoliao.md"}, {"path": "java/0008-Javamiti/0003-xunhuanmiti/0011-miti35 yifenzhongyouyifenzhong.md", "rname": "0011-\u8c1c\u989835 \u4e00\u5206\u949f\u53c8\u4e00\u5206\u949f.md", "mtime": 1423805067.0, "mode": "file", "name": "0011-miti35 yifenzhongyouyifenzhong.md"}], "rname": "0003-\u5faa\u73af\u8c1c\u9898", "name": "0003-xunhuanmiti", "mode": "tree", "mtime": 1424799733.0, "path": "java/0008-Javamiti/0003-xunhuanmiti"}