{"files": [{"path": "java/0001-jichu/0006-tuxingjiemianGUI/0000-tuxingjiemiandijibengainian.md", "rname": "0000-\u56fe\u5f62\u754c\u9762\u7684\u57fa\u672c\u6982\u5ff5.md", "mtime": 1423805067.0, "mode": "file", "name": "0000-tuxingjiemiandijibengainian.md"}, {"path": "java/0001-jichu/0006-tuxingjiemianGUI/0001-jianlituxingyonghujiemiandibuzhou.md", "rname": "0001-\u5efa\u7acb\u56fe\u5f62\u7528\u6237\u754c\u9762\u7684\u6b65\u9aa4.md", "mtime": 1423805067.0, "mode": "file", "name": "0001-jianlituxingyonghujiemiandibuzhou.md"}, {"path": "java/0001-jichu/0006-tuxingjiemianGUI/0002-rongqi(Container)FrameshePanels.md", "rname": "0002-\u5bb9\u5668(Container)Frames\u548cPanels.md", "mtime": 1423805067.0, "mode": "file", "name": "0002-rongqi(Container)FrameshePanels.md"}, {"path": "java/0001-jichu/0006-tuxingjiemianGUI/0003-bujuguanliqi.md", "rname": "0003-\u5e03\u5c40\u7ba1\u7406\u5668.md", "mtime": 1423805067.0, "mode": "file", "name": "0003-bujuguanliqi.md"}, {"path": "java/0001-jichu/0006-tuxingjiemianGUI/0004-AWTshijianmoxing.md", "rname": "0004-AWT\u4e8b\u4ef6\u6a21\u578b.md", "mtime": 1423805067.0, "mode": "file", "name": "0004-AWTshijianmoxing.md"}, {"path": "java/0001-jichu/0006-tuxingjiemianGUI/0005-jiantingqi,shijian,shijianyuan,shijianzhuceshendupouxi.md", "rname": "0005-\u76d1\u542c\u5668,\u4e8b\u4ef6,\u4e8b\u4ef6\u6e90,\u4e8b\u4ef6\u6ce8\u518c\u6df1\u5ea6\u5256\u6790.md", "mtime": 1423805067.0, "mode": "file", "name": "0005-jiantingqi,shijian,shijianyuan,shijianzhuceshendupouxi.md"}], "rname": "0006-\u56fe\u5f62\u754c\u9762GUI", "name": "0006-tuxingjiemianGUI", "mode": "tree", "mtime": 1424771224.0, "path": "java/0001-jichu/0006-tuxingjiemianGUI"}