{"files": [{"path": "java/0001-jichu/.DS_Store", "rname": ".DS_Store", "mtime": 1424196651.0, "mode": "file", "name": ".DS_Store"}, {"path": "java/0001-jichu/0001-Javajichu", "rname": "0001-Java\u57fa\u7840", "mtime": 1423918645.0, "mode": "tree", "name": "0001-Javajichu"}, {"path": "java/0001-jichu/0002-duoxiancheng", "rname": "0002-\u591a\u7ebf\u7a0b", "mtime": 1423918645.0, "mode": "tree", "name": "0002-duoxiancheng"}, {"path": "java/0001-jichu/0003-jihekuangjia", "rname": "0003-\u96c6\u5408\u6846\u67b6", "mtime": 1423918645.0, "mode": "tree", "name": "0003-jihekuangjia"}, {"path": "java/0001-jichu/0004-IOliu", "rname": "0004-IO\u6d41", "mtime": 1424194767.0, "mode": "tree", "name": "0004-IOliu"}, {"path": "java/0001-jichu/0005-wangluobiancheng", "rname": "0005-\u7f51\u7edc\u7f16\u7a0b", "mtime": 1423918645.0, "mode": "tree", "name": "0005-wangluobiancheng"}, {"path": "java/0001-jichu/0006-tuxingjiemianGUI", "rname": "0006-\u56fe\u5f62\u754c\u9762GUI", "mtime": 1423918645.0, "mode": "tree", "name": "0006-tuxingjiemianGUI"}, {"path": "java/0001-jichu/0007-fanshe", "rname": "0007-\u53cd\u5c04", "mtime": 1424193280.0, "mode": "tree", "name": "0007-fanshe"}, {"path": "java/0001-jichu/0008-qita", "rname": "0008-\u5176\u5b83", "mtime": 1424193311.0, "mode": "tree", "name": "0008-qita"}], "rname": "0001-\u57fa\u7840", "name": "0001-jichu", "mode": "tree", "mtime": 1424195493.0, "path": "java/0001-jichu"}