{"files": [{"path": "markdown/arithmetic/\u7f16\u7a0b\u5b9e\u8df5/0000-\u3010\u7a0b\u5e8f1\u3011.md", "mtime": 1423299926.0, "mode": "file", "name": "0000-\u3010\u7a0b\u5e8f1\u3011.md"}, {"path": "markdown/arithmetic/\u7f16\u7a0b\u5b9e\u8df5/0001-\u3010\u7a0b\u5e8f2\u3011.md", "mtime": 1423299926.0, "mode": "file", "name": "0001-\u3010\u7a0b\u5e8f2\u3011.md"}, {"path": "markdown/arithmetic/\u7f16\u7a0b\u5b9e\u8df5/0002-\u3010\u7a0b\u5e8f3\u3011.md", "mtime": 1423299926.0, "mode": "file", "name": "0002-\u3010\u7a0b\u5e8f3\u3011.md"}, {"path": "markdown/arithmetic/\u7f16\u7a0b\u5b9e\u8df5/0003-\u3010\u7a0b\u5e8f4\u3011.md", "mtime": 1423299926.0, "mode": "file", "name": "0003-\u3010\u7a0b\u5e8f4\u3011.md"}, {"path": "markdown/arithmetic/\u7f16\u7a0b\u5b9e\u8df5/0004-\u3010\u7a0b\u5e8f5\u3011.md", "mtime": 1423299926.0, "mode": "file", "name": "0004-\u3010\u7a0b\u5e8f5\u3011.md"}, {"path": "markdown/arithmetic/\u7f16\u7a0b\u5b9e\u8df5/0005-\u3010\u7a0b\u5e8f6\u3011.md", "mtime": 1423299926.0, "mode": "file", "name": "0005-\u3010\u7a0b\u5e8f6\u3011.md"}, {"path": "markdown/arithmetic/\u7f16\u7a0b\u5b9e\u8df5/0006-\u3010\u7a0b\u5e8f7\u3011.md", "mtime": 1423299926.0, "mode": "file", "name": "0006-\u3010\u7a0b\u5e8f7\u3011.md"}, {"path": "markdown/arithmetic/\u7f16\u7a0b\u5b9e\u8df5/0007-\u3010\u7a0b\u5e8f8\u3011.md", "mtime": 1423299926.0, "mode": "file", "name": "0007-\u3010\u7a0b\u5e8f8\u3011.md"}, {"path": "markdown/arithmetic/\u7f16\u7a0b\u5b9e\u8df5/0008-\u3010\u7a0b\u5e8f9\u3011.md", "mtime": 1423299926.0, "mode": "file", "name": "0008-\u3010\u7a0b\u5e8f9\u3011.md"}, {"path": "markdown/arithmetic/\u7f16\u7a0b\u5b9e\u8df5/0009-\u3010\u7a0b\u5e8f10\u3011.md", "mtime": 1423299926.0, "mode": "file", "name": "0009-\u3010\u7a0b\u5e8f10\u3011.md"}, {"path": "markdown/arithmetic/\u7f16\u7a0b\u5b9e\u8df5/0010-\u3010\u7a0b\u5e8f11\u3011.md", "mtime": 1423299926.0, "mode": "file", "name": "0010-\u3010\u7a0b\u5e8f11\u3011.md"}, {"path": "markdown/arithmetic/\u7f16\u7a0b\u5b9e\u8df5/0011-\u3010\u7a0b\u5e8f12\u3011.md", "mtime": 1423299926.0, "mode": "file", "name": "0011-\u3010\u7a0b\u5e8f12\u3011.md"}, {"path": "markdown/arithmetic/\u7f16\u7a0b\u5b9e\u8df5/0012-\u3010\u7a0b\u5e8f13\u3011.md", "mtime": 1423299926.0, "mode": "file", "name": "0012-\u3010\u7a0b\u5e8f13\u3011.md"}, {"path": "markdown/arithmetic/\u7f16\u7a0b\u5b9e\u8df5/0013-\u3010\u7a0b\u5e8f14\u3011.md", "mtime": 1423299926.0, "mode": "file", "name": "0013-\u3010\u7a0b\u5e8f14\u3011.md"}, {"path": "markdown/arithmetic/\u7f16\u7a0b\u5b9e\u8df5/0014-\u3010\u7a0b\u5e8f15\u3011.md", "mtime": 1423299926.0, "mode": "file", "name": "0014-\u3010\u7a0b\u5e8f15\u3011.md"}, {"path": "markdown/arithmetic/\u7f16\u7a0b\u5b9e\u8df5/0015-\u3010\u7a0b\u5e8f16\u3011.md", "mtime": 1423299926.0, "mode": "file", "name": "0015-\u3010\u7a0b\u5e8f16\u3011.md"}, {"path": "markdown/arithmetic/\u7f16\u7a0b\u5b9e\u8df5/0016-\u3010\u7a0b\u5e8f17\u3011.md", "mtime": 1423299926.0, "mode": "file", "name": "0016-\u3010\u7a0b\u5e8f17\u3011.md"}, {"path": "markdown/arithmetic/\u7f16\u7a0b\u5b9e\u8df5/0017-\u3010\u7a0b\u5e8f18\u3011.md", "mtime": 1423299926.0, "mode": "file", "name": "0017-\u3010\u7a0b\u5e8f18\u3011.md"}, {"path": "markdown/arithmetic/\u7f16\u7a0b\u5b9e\u8df5/0018-\u3010\u7a0b\u5e8f19\u3011.md", "mtime": 1423299926.0, "mode": "file", "name": "0018-\u3010\u7a0b\u5e8f19\u3011.md"}, {"path": "markdown/arithmetic/\u7f16\u7a0b\u5b9e\u8df5/0019-\u3010\u7a0b\u5e8f20\u3011.md", "mtime": 1423299926.0, "mode": "file", "name": "0019-\u3010\u7a0b\u5e8f20\u3011.md"}, {"path": "markdown/arithmetic/\u7f16\u7a0b\u5b9e\u8df5/0020-\u3010\u7a0b\u5e8f21\u3011.md", "mtime": 1423299926.0, "mode": "file", "name": "0020-\u3010\u7a0b\u5e8f21\u3011.md"}, {"path": "markdown/arithmetic/\u7f16\u7a0b\u5b9e\u8df5/0021-\u3010\u7a0b\u5e8f22\u3011.md", "mtime": 1423299926.0, "mode": "file", "name": "0021-\u3010\u7a0b\u5e8f22\u3011.md"}, {"path": "markdown/arithmetic/\u7f16\u7a0b\u5b9e\u8df5/0022-\u3010\u7a0b\u5e8f23\u3011.md", "mtime": 1423299926.0, "mode": "file", "name": "0022-\u3010\u7a0b\u5e8f23\u3011.md"}, {"path": "markdown/arithmetic/\u7f16\u7a0b\u5b9e\u8df5/0023-\u3010\u7a0b\u5e8f24\u3011.md", "mtime": 1423299926.0, "mode": "file", "name": "0023-\u3010\u7a0b\u5e8f24\u3011.md"}, {"path": "markdown/arithmetic/\u7f16\u7a0b\u5b9e\u8df5/0024-\u3010\u7a0b\u5e8f25\u3011.md", "mtime": 1423299926.0, "mode": "file", "name": "0024-\u3010\u7a0b\u5e8f25\u3011.md"}, {"path": "markdown/arithmetic/\u7f16\u7a0b\u5b9e\u8df5/0025-\u3010\u7a0b\u5e8f26\u3011.md", "mtime": 1423299926.0, "mode": "file", "name": "0025-\u3010\u7a0b\u5e8f26\u3011.md"}, {"path": "markdown/arithmetic/\u7f16\u7a0b\u5b9e\u8df5/0026-\u3010\u7a0b\u5e8f27\u3011.md", "mtime": 1423299926.0, "mode": "file", "name": "0026-\u3010\u7a0b\u5e8f27\u3011.md"}, {"path": "markdown/arithmetic/\u7f16\u7a0b\u5b9e\u8df5/0027-\u3010\u7a0b\u5e8f28\u3011.md", "mtime": 1423299926.0, "mode": "file", "name": "0027-\u3010\u7a0b\u5e8f28\u3011.md"}, {"path": "markdown/arithmetic/\u7f16\u7a0b\u5b9e\u8df5/0028-\u3010\u7a0b\u5e8f29\u3011.md", "mtime": 1423299926.0, "mode": "file", "name": "0028-\u3010\u7a0b\u5e8f29\u3011.md"}, {"path": "markdown/arithmetic/\u7f16\u7a0b\u5b9e\u8df5/0029-\u3010\u7a0b\u5e8f30\u3011.md", "mtime": 1423299926.0, "mode": "file", "name": "0029-\u3010\u7a0b\u5e8f30\u3011.md"}, {"path": "markdown/arithmetic/\u7f16\u7a0b\u5b9e\u8df5/0030-\u3010\u7a0b\u5e8f31\u3011.md", "mtime": 1423299926.0, "mode": "file", "name": "0030-\u3010\u7a0b\u5e8f31\u3011.md"}, {"path": "markdown/arithmetic/\u7f16\u7a0b\u5b9e\u8df5/0031-\u3010\u7a0b\u5e8f32\u3011.md", "mtime": 1423299926.0, "mode": "file", "name": "0031-\u3010\u7a0b\u5e8f32\u3011.md"}, {"path": "markdown/arithmetic/\u7f16\u7a0b\u5b9e\u8df5/0032-\u3010\u7a0b\u5e8f33\u3011.md", "mtime": 1423299926.0, "mode": "file", "name": "0032-\u3010\u7a0b\u5e8f33\u3011.md"}, {"path": "markdown/arithmetic/\u7f16\u7a0b\u5b9e\u8df5/0033-\u3010\u7a0b\u5e8f34\u3011.md", "mtime": 1423299926.0, "mode": "file", "name": "0033-\u3010\u7a0b\u5e8f34\u3011.md"}, {"path": "markdown/arithmetic/\u7f16\u7a0b\u5b9e\u8df5/0034-\u3010\u7a0b\u5e8f35\u3011.md", "mtime": 1423299926.0, "mode": "file", "name": "0034-\u3010\u7a0b\u5e8f35\u3011.md"}, {"path": "markdown/arithmetic/\u7f16\u7a0b\u5b9e\u8df5/0035-\u3010\u7a0b\u5e8f36\u3011.md", "mtime": 1423299926.0, "mode": "file", "name": "0035-\u3010\u7a0b\u5e8f36\u3011.md"}, {"path": "markdown/arithmetic/\u7f16\u7a0b\u5b9e\u8df5/0036-\u3010\u7a0b\u5e8f37\u3011.md", "mtime": 1423299926.0, "mode": "file", "name": "0036-\u3010\u7a0b\u5e8f37\u3011.md"}, {"path": "markdown/arithmetic/\u7f16\u7a0b\u5b9e\u8df5/0037-\u3010\u7a0b\u5e8f38\u3011.md", "mtime": 1423299926.0, "mode": "file", "name": "0037-\u3010\u7a0b\u5e8f38\u3011.md"}, {"path": "markdown/arithmetic/\u7f16\u7a0b\u5b9e\u8df5/0038-\u3010\u7a0b\u5e8f39\u3011.md", "mtime": 1423299926.0, "mode": "file", "name": "0038-\u3010\u7a0b\u5e8f39\u3011.md"}, {"path": "markdown/arithmetic/\u7f16\u7a0b\u5b9e\u8df5/0039-\u3010\u7a0b\u5e8f40\u3011.md", "mtime": 1423299926.0, "mode": "file", "name": "0039-\u3010\u7a0b\u5e8f40\u3011.md"}, {"path": "markdown/arithmetic/\u7f16\u7a0b\u5b9e\u8df5/0040-\u3010\u7a0b\u5e8f41\u3011.md", "mtime": 1423299926.0, "mode": "file", "name": "0040-\u3010\u7a0b\u5e8f41\u3011.md"}, {"path": "markdown/arithmetic/\u7f16\u7a0b\u5b9e\u8df5/0041-\u3010\u7a0b\u5e8f42\u3011.md", "mtime": 1423299926.0, "mode": "file", "name": "0041-\u3010\u7a0b\u5e8f42\u3011.md"}, {"path": "markdown/arithmetic/\u7f16\u7a0b\u5b9e\u8df5/0042-\u3010\u7a0b\u5e8f43\u3011.md", "mtime": 1423299926.0, "mode": "file", "name": "0042-\u3010\u7a0b\u5e8f43\u3011.md"}, {"path": "markdown/arithmetic/\u7f16\u7a0b\u5b9e\u8df5/0043-\u3010\u7a0b\u5e8f44\u3011.md", "mtime": 1423299926.0, "mode": "file", "name": "0043-\u3010\u7a0b\u5e8f44\u3011.md"}, {"path": "markdown/arithmetic/\u7f16\u7a0b\u5b9e\u8df5/0044-\u3010\u7a0b\u5e8f45\u3011.md", "mtime": 1423299926.0, "mode": "file", "name": "0044-\u3010\u7a0b\u5e8f45\u3011.md"}, {"path": "markdown/arithmetic/\u7f16\u7a0b\u5b9e\u8df5/0045-\u3010\u7a0b\u5e8f46\u3011.md", "mtime": 1423299926.0, "mode": "file", "name": "0045-\u3010\u7a0b\u5e8f46\u3011.md"}, {"path": "markdown/arithmetic/\u7f16\u7a0b\u5b9e\u8df5/0046-\u3010\u7a0b\u5e8f47\u3011.md", "mtime": 1423299926.0, "mode": "file", "name": "0046-\u3010\u7a0b\u5e8f47\u3011.md"}, {"path": "markdown/arithmetic/\u7f16\u7a0b\u5b9e\u8df5/0047-\u3010\u7a0b\u5e8f48\u3011.md", "mtime": 1423299926.0, "mode": "file", "name": "0047-\u3010\u7a0b\u5e8f48\u3011.md"}, {"path": "markdown/arithmetic/\u7f16\u7a0b\u5b9e\u8df5/0048-\u3010\u7a0b\u5e8f49\u3011.md", "mtime": 1423299926.0, "mode": "file", "name": "0048-\u3010\u7a0b\u5e8f49\u3011.md"}, {"path": "markdown/arithmetic/\u7f16\u7a0b\u5b9e\u8df5/0049-\u3010\u7a0b\u5e8f50\u3011.md", "mtime": 1423299926.0, "mode": "file", "name": "0049-\u3010\u7a0b\u5e8f50\u3011.md"}], "path": "markdown/arithmetic/\u7f16\u7a0b\u5b9e\u8df5", "mtime": 1423300260.0, "mode": "tree", "name": "\u7f16\u7a0b\u5b9e\u8df5"}