{"files": [{"path": "markdown/basic/\u56fe\u5f62\u754c\u9762GUI/0000-\u56fe\u5f62\u754c\u9762\u7684\u57fa\u672c\u6982\u5ff5.md", "mtime": 1423299926.0, "mode": "file", "name": "0000-\u56fe\u5f62\u754c\u9762\u7684\u57fa\u672c\u6982\u5ff5.md"}, {"path": "markdown/basic/\u56fe\u5f62\u754c\u9762GUI/0001-\u5efa\u7acb\u56fe\u5f62\u7528\u6237\u754c\u9762\u7684\u6b65\u9aa4.md", "mtime": 1423299926.0, "mode": "file", "name": "0001-\u5efa\u7acb\u56fe\u5f62\u7528\u6237\u754c\u9762\u7684\u6b65\u9aa4.md"}, {"path": "markdown/basic/\u56fe\u5f62\u754c\u9762GUI/0002-\u5bb9\u5668(Container)Frames\u548cPanels.md", "mtime": 1423299926.0, "mode": "file", "name": "0002-\u5bb9\u5668(Container)Frames\u548cPanels.md"}, {"path": "markdown/basic/\u56fe\u5f62\u754c\u9762GUI/0003-\u5e03\u5c40\u7ba1\u7406\u5668.md", "mtime": 1423299926.0, "mode": "file", "name": "0003-\u5e03\u5c40\u7ba1\u7406\u5668.md"}, {"path": "markdown/basic/\u56fe\u5f62\u754c\u9762GUI/0004-AWT\u4e8b\u4ef6\u6a21\u578b.md", "mtime": 1423299926.0, "mode": "file", "name": "0004-AWT\u4e8b\u4ef6\u6a21\u578b.md"}, {"path": "markdown/basic/\u56fe\u5f62\u754c\u9762GUI/0005-\u76d1\u542c\u5668\u3001\u4e8b\u4ef6\u3001\u4e8b\u4ef6\u6e90\u3001\u4e8b\u4ef6\u6ce8\u518c\u6df1\u5ea6\u5256\u6790.md", "mtime": 1423299926.0, "mode": "file", "name": "0005-\u76d1\u542c\u5668\u3001\u4e8b\u4ef6\u3001\u4e8b\u4ef6\u6e90\u3001\u4e8b\u4ef6\u6ce8\u518c\u6df1\u5ea6\u5256\u6790.md"}], "path": "markdown/basic/\u56fe\u5f62\u754c\u9762GUI", "mtime": 1423300260.0, "mode": "tree", "name": "\u56fe\u5f62\u754c\u9762GUI"}