{"files": [{"path": "dist/markdown/database/zichaxun/0000-shujuzhunbei.md", "rname": "0000-\u6570\u636e\u51c6\u5907.md", "mtime": 1423805067.0, "mode": "file", "name": "0000-shujuzhunbei.md"}, {"path": "dist/markdown/database/zichaxun/0001-danzhizichaxun.md", "rname": "0001-\u5355\u503c\u5b50\u67e5\u8be2.md", "mtime": 1423805067.0, "mode": "file", "name": "0001-danzhizichaxun.md"}, {"path": "dist/markdown/database/zichaxun/0002-liezhizichaxun.md", "rname": "0002-\u5217\u503c\u5b50\u67e5\u8be2.md", "mtime": 1423805067.0, "mode": "file", "name": "0002-liezhizichaxun.md"}, {"path": "dist/markdown/database/zichaxun/0003-SELECTliebiaozhongdibiaoliangzichaxun.md", "rname": "0003-SELECT\u5217\u8868\u4e2d\u7684\u6807\u91cf\u5b50\u67e5\u8be2.md", "mtime": 1423805067.0, "mode": "file", "name": "0003-SELECTliebiaozhongdibiaoliangzichaxun.md"}, {"path": "dist/markdown/database/zichaxun/0004-WHERE zijuzhongdibiaoliangzichaxun.md", "rname": "0004-WHERE \u5b50\u53e5\u4e2d\u7684\u6807\u91cf\u5b50\u67e5\u8be2.md", "mtime": 1423805067.0, "mode": "file", "name": "0004-WHERE zijuzhongdibiaoliangzichaxun.md"}, {"path": "dist/markdown/database/zichaxun/0005-IN yunsuanfu.md", "rname": "0005-IN \u8fd0\u7b97\u7b26.md", "mtime": 1423805067.0, "mode": "file", "name": "0005-IN yunsuanfu.md"}, {"path": "dist/markdown/database/zichaxun/0006-ANYheSOME yunsuanfu.md", "rname": "0006-ANY\u548cSOME \u8fd0\u7b97\u7b26.md", "mtime": 1423805067.0, "mode": "file", "name": "0006-ANYheSOME yunsuanfu.md"}, {"path": "dist/markdown/database/zichaxun/0007-ALLyunsuanfu.md", "rname": "0007-ALL\u8fd0\u7b97\u7b26.md", "mtime": 1423805067.0, "mode": "file", "name": "0007-ALLyunsuanfu.md"}, {"path": "dist/markdown/database/zichaxun/0008-EXISTSyunsuanfu.md", "rname": "0008-EXISTS\u8fd0\u7b97\u7b26.md", "mtime": 1423805067.0, "mode": "file", "name": "0008-EXISTSyunsuanfu.md"}, {"path": "dist/markdown/database/zichaxun/0009-zichaxunzaiINSERTyujuzhongdiyingyong.md", "rname": "0009-\u5b50\u67e5\u8be2\u5728INSERT\u8bed\u53e5\u4e2d\u7684\u5e94\u7528.md", "mtime": 1423805067.0, "mode": "file", "name": "0009-zichaxunzaiINSERTyujuzhongdiyingyong.md"}, {"path": "dist/markdown/database/zichaxun/0010-zichaxunzaiUPDATE yujuzhongdiyingyong.md", "rname": "0010-\u5b50\u67e5\u8be2\u5728UPDATE \u8bed\u53e5\u4e2d\u7684\u5e94\u7528.md", "mtime": 1423805067.0, "mode": "file", "name": "0010-zichaxunzaiUPDATE yujuzhongdiyingyong.md"}, {"path": "dist/markdown/database/zichaxun/0011-zichaxunzaiDELETEyujuzhongdiyingyong.md", "rname": "0011-\u5b50\u67e5\u8be2\u5728DELETE\u8bed\u53e5\u4e2d\u7684\u5e94\u7528.md", "mtime": 1423805067.0, "mode": "file", "name": "0011-zichaxunzaiDELETEyujuzhongdiyingyong.md"}], "rname": "\u5b50\u67e5\u8be2", "name": "zichaxun", "mode": "tree", "mtime": 1423918645.0, "path": "dist/markdown/database/zichaxun"}