{"files": [{"path": "dist/markdown/database/shujubiaodichuangjianheguanli/0000-chuangjianshujubiao.md", "rname": "0000-\u521b\u5efa\u6570\u636e\u8868.md", "mtime": 1423805067.0, "mode": "file", "name": "0000-chuangjianshujubiao.md"}, {"path": "dist/markdown/database/shujubiaodichuangjianheguanli/0001-dingyifeikongyueshu.md", "rname": "0001-\u5b9a\u4e49\u975e\u7a7a\u7ea6\u675f.md", "mtime": 1423805067.0, "mode": "file", "name": "0001-dingyifeikongyueshu.md"}, {"path": "dist/markdown/database/shujubiaodichuangjianheguanli/0002-dingyimorenzhi.md", "rname": "0002-\u5b9a\u4e49\u9ed8\u8ba4\u503c.md", "mtime": 1423805067.0, "mode": "file", "name": "0002-dingyimorenzhi.md"}, {"path": "dist/markdown/database/shujubiaodichuangjianheguanli/0003-dingyizhujian.md", "rname": "0003-\u5b9a\u4e49\u4e3b\u952e.md", "mtime": 1423805067.0, "mode": "file", "name": "0003-dingyizhujian.md"}, {"path": "dist/markdown/database/shujubiaodichuangjianheguanli/0004-dingyiwaijian.md", "rname": "0004-\u5b9a\u4e49\u5916\u952e.md", "mtime": 1423805067.0, "mode": "file", "name": "0004-dingyiwaijian.md"}, {"path": "dist/markdown/database/shujubiaodichuangjianheguanli/0005-xiugaiyiyoushujubiao.md", "rname": "0005-\u4fee\u6539\u5df2\u6709\u6570\u636e\u8868.md", "mtime": 1423805067.0, "mode": "file", "name": "0005-xiugaiyiyoushujubiao.md"}, {"path": "dist/markdown/database/shujubiaodichuangjianheguanli/0006-shanchushujubiao.md", "rname": "0006-\u5220\u9664\u6570\u636e\u8868.md", "mtime": 1423805067.0, "mode": "file", "name": "0006-shanchushujubiao.md"}, {"path": "dist/markdown/database/shujubiaodichuangjianheguanli/0007-shouxiancaozuodibiantongjiejuefangan.md", "rname": "0007-\u53d7\u9650\u64cd\u4f5c\u7684\u53d8\u901a\u89e3\u51b3\u65b9\u6848.md", "mtime": 1423805067.0, "mode": "file", "name": "0007-shouxiancaozuodibiantongjiejuefangan.md"}], "rname": "\u6570\u636e\u8868\u7684\u521b\u5efa\u548c\u7ba1\u7406", "name": "shujubiaodichuangjianheguanli", "mode": "tree", "mtime": 1423918645.0, "path": "dist/markdown/database/shujubiaodichuangjianheguanli"}