{"files": [{"path": "markdown/basic/IO\u6d41", "mtime": 1423300260.0, "mode": "tree", "name": "IO\u6d41"}, {"path": "markdown/basic/Java\u57fa\u7840", "mtime": 1423300260.0, "mode": "tree", "name": "Java\u57fa\u7840"}, {"path": "markdown/basic/\u5176\u5b83", "mtime": 1423300260.0, "mode": "tree", "name": "\u5176\u5b83"}, {"path": "markdown/basic/\u53cd\u5c04", "mtime": 1423300260.0, "mode": "tree", "name": "\u53cd\u5c04"}, {"path": "markdown/basic/\u56fe\u5f62\u754c\u9762GUI", "mtime": 1423300260.0, "mode": "tree", "name": "\u56fe\u5f62\u754c\u9762GUI"}, {"path": "markdown/basic/\u591a\u7ebf\u7a0b", "mtime": 1423300260.0, "mode": "tree", "name": "\u591a\u7ebf\u7a0b"}, {"path": "markdown/basic/\u7f51\u7edc\u7f16\u7a0b", "mtime": 1423300260.0, "mode": "tree", "name": "\u7f51\u7edc\u7f16\u7a0b"}, {"path": "markdown/basic/\u96c6\u5408\u6846\u67b6", "mtime": 1423300260.0, "mode": "tree", "name": "\u96c6\u5408\u6846\u67b6"}], "path": "markdown/basic", "mtime": 1423300260.0, "mode": "tree", "name": "basic"}