{"files": [{"path": "java/basic/IOliu", "rname": "IO\u6d41", "mtime": 1423918645.0, "mode": "tree", "name": "IOliu"}, {"path": "java/basic/Javajichu", "rname": "Java\u57fa\u7840", "mtime": 1423918645.0, "mode": "tree", "name": "Javajichu"}, {"path": "java/basic/qita", "rname": "\u5176\u5b83", "mtime": 1423918645.0, "mode": "tree", "name": "qita"}, {"path": "java/basic/fanshe", "rname": "\u53cd\u5c04", "mtime": 1423918645.0, "mode": "tree", "name": "fanshe"}, {"path": "java/basic/tuxingjiemianGUI", "rname": "\u56fe\u5f62\u754c\u9762GUI", "mtime": 1423918645.0, "mode": "tree", "name": "tuxingjiemianGUI"}, {"path": "java/basic/duoxiancheng", "rname": "\u591a\u7ebf\u7a0b", "mtime": 1423918645.0, "mode": "tree", "name": "duoxiancheng"}, {"path": "java/basic/wangluobiancheng", "rname": "\u7f51\u7edc\u7f16\u7a0b", "mtime": 1423918645.0, "mode": "tree", "name": "wangluobiancheng"}, {"path": "java/basic/jihekuangjia", "rname": "\u96c6\u5408\u6846\u67b6", "mtime": 1423918645.0, "mode": "tree", "name": "jihekuangjia"}], "rname": "basic", "name": "basic", "mode": "tree", "mtime": 1423918645.0, "path": "java/basic"}