{"files": [{"path": "markdown/pattern/\u884c\u4e3a\u578b\u6a21\u5f0f/0000-23\u79cd\u8bbe\u8ba1\u6a21\u5f0f\uff086\uff09\uff1a\u6a21\u7248\u65b9\u6cd5\u6a21\u5f0f.md", "mtime": 1423299926.0, "mode": "file", "name": "0000-23\u79cd\u8bbe\u8ba1\u6a21\u5f0f\uff086\uff09\uff1a\u6a21\u7248\u65b9\u6cd5\u6a21\u5f0f.md"}, {"path": "markdown/pattern/\u884c\u4e3a\u578b\u6a21\u5f0f/0001-23\u79cd\u8bbe\u8ba1\u6a21\u5f0f\uff087\uff09\uff1a\u4e2d\u4ecb\u8005\u6a21\u5f0f.md", "mtime": 1423299926.0, "mode": "file", "name": "0001-23\u79cd\u8bbe\u8ba1\u6a21\u5f0f\uff087\uff09\uff1a\u4e2d\u4ecb\u8005\u6a21\u5f0f.md"}, {"path": "markdown/pattern/\u884c\u4e3a\u578b\u6a21\u5f0f/0002-23\u79cd\u8bbe\u8ba1\u6a21\u5f0f\uff088\uff09\uff1a\u89c2\u5bdf\u8005\u6a21\u5f0f.md", "mtime": 1423299926.0, "mode": "file", "name": "0002-23\u79cd\u8bbe\u8ba1\u6a21\u5f0f\uff088\uff09\uff1a\u89c2\u5bdf\u8005\u6a21\u5f0f.md"}, {"path": "markdown/pattern/\u884c\u4e3a\u578b\u6a21\u5f0f/0003-23\u79cd\u8bbe\u8ba1\u6a21\u5f0f\uff089\uff09\uff1a\u8bbf\u95ee\u8005\u6a21\u5f0f.md", "mtime": 1423299926.0, "mode": "file", "name": "0003-23\u79cd\u8bbe\u8ba1\u6a21\u5f0f\uff089\uff09\uff1a\u8bbf\u95ee\u8005\u6a21\u5f0f.md"}, {"path": "markdown/pattern/\u884c\u4e3a\u578b\u6a21\u5f0f/0004-23\u79cd\u8bbe\u8ba1\u6a21\u5f0f\uff0810\uff09\uff1a\u547d\u4ee4\u6a21\u5f0f.md", "mtime": 1423299926.0, "mode": "file", "name": "0004-23\u79cd\u8bbe\u8ba1\u6a21\u5f0f\uff0810\uff09\uff1a\u547d\u4ee4\u6a21\u5f0f.md"}, {"path": "markdown/pattern/\u884c\u4e3a\u578b\u6a21\u5f0f/0005-23\u79cd\u8bbe\u8ba1\u6a21\u5f0f\uff0811\uff09\uff1a\u8d23\u4efb\u94fe\u6a21\u5f0f.md", "mtime": 1423299926.0, "mode": "file", "name": "0005-23\u79cd\u8bbe\u8ba1\u6a21\u5f0f\uff0811\uff09\uff1a\u8d23\u4efb\u94fe\u6a21\u5f0f.md"}, {"path": "markdown/pattern/\u884c\u4e3a\u578b\u6a21\u5f0f/0006-23\u79cd\u8bbe\u8ba1\u6a21\u5f0f\uff0812\uff09\uff1a\u7b56\u7565\u6a21\u5f0f.md", "mtime": 1423299926.0, "mode": "file", "name": "0006-23\u79cd\u8bbe\u8ba1\u6a21\u5f0f\uff0812\uff09\uff1a\u7b56\u7565\u6a21\u5f0f.md"}, {"path": "markdown/pattern/\u884c\u4e3a\u578b\u6a21\u5f0f/0007-23\u79cd\u8bbe\u8ba1\u6a21\u5f0f\uff0813\uff09\uff1a\u8fed\u4ee3\u5668\u6a21\u5f0f.md", "mtime": 1423299926.0, "mode": "file", "name": "0007-23\u79cd\u8bbe\u8ba1\u6a21\u5f0f\uff0813\uff09\uff1a\u8fed\u4ee3\u5668\u6a21\u5f0f.md"}, {"path": "markdown/pattern/\u884c\u4e3a\u578b\u6a21\u5f0f/0008-23\u79cd\u8bbe\u8ba1\u6a21\u5f0f\uff0814\uff09\uff1a\u89e3\u91ca\u5668\u6a21\u5f0f.md", "mtime": 1423299926.0, "mode": "file", "name": "0008-23\u79cd\u8bbe\u8ba1\u6a21\u5f0f\uff0814\uff09\uff1a\u89e3\u91ca\u5668\u6a21\u5f0f.md"}, {"path": "markdown/pattern/\u884c\u4e3a\u578b\u6a21\u5f0f/0009-23\u79cd\u8bbe\u8ba1\u6a21\u5f0f\uff0815\uff09\uff1a\u5907\u5fd8\u5f55\u6a21\u5f0f.md", "mtime": 1423299926.0, "mode": "file", "name": "0009-23\u79cd\u8bbe\u8ba1\u6a21\u5f0f\uff0815\uff09\uff1a\u5907\u5fd8\u5f55\u6a21\u5f0f.md"}, {"path": "markdown/pattern/\u884c\u4e3a\u578b\u6a21\u5f0f/0010-23\u79cd\u8bbe\u8ba1\u6a21\u5f0f\uff0816\uff09\uff1a\u72b6\u6001\u6a21\u5f0f.md", "mtime": 1423299926.0, "mode": "file", "name": "0010-23\u79cd\u8bbe\u8ba1\u6a21\u5f0f\uff0816\uff09\uff1a\u72b6\u6001\u6a21\u5f0f.md"}], "path": "markdown/pattern/\u884c\u4e3a\u578b\u6a21\u5f0f", "mtime": 1423300260.0, "mode": "tree", "name": "\u884c\u4e3a\u578b\u6a21\u5f0f"}