{"files": [{"path": "markdown/advance/Java\u96c6\u5408\u6846\u67b6/0000-ArrayList\u7684\u5b9e\u73b0\u539f\u7406.md", "mtime": 1423299926.0, "mode": "file", "name": "0000-ArrayList\u7684\u5b9e\u73b0\u539f\u7406.md"}, {"path": "markdown/advance/Java\u96c6\u5408\u6846\u67b6/0001-HashMap\u7684\u5b9e\u73b0\u539f\u7406.md", "mtime": 1423299926.0, "mode": "file", "name": "0001-HashMap\u7684\u5b9e\u73b0\u539f\u7406.md"}, {"path": "markdown/advance/Java\u96c6\u5408\u6846\u67b6/0002-HashSet\u7684\u5b9e\u73b0\u539f\u7406.md", "mtime": 1423299926.0, "mode": "file", "name": "0002-HashSet\u7684\u5b9e\u73b0\u539f\u7406.md"}, {"path": "markdown/advance/Java\u96c6\u5408\u6846\u67b6/0003-LinkedHashMap\u7684\u5b9e\u73b0\u539f\u7406.md", "mtime": 1423299926.0, "mode": "file", "name": "0003-LinkedHashMap\u7684\u5b9e\u73b0\u539f\u7406.md"}, {"path": "markdown/advance/Java\u96c6\u5408\u6846\u67b6/0004-Java\u96c6\u5408\u7684Stack\u3001Queue\u3001Map\u7684\u904d\u5386.md", "mtime": 1423299926.0, "mode": "file", "name": "0004-Java\u96c6\u5408\u7684Stack\u3001Queue\u3001Map\u7684\u904d\u5386.md"}, {"path": "markdown/advance/Java\u96c6\u5408\u6846\u67b6/0005-Java HashMap \u5206\u6790\u56db\u7bc7\u8fde\u8f7d.md", "mtime": 1423299926.0, "mode": "file", "name": "0005-Java HashMap \u5206\u6790\u56db\u7bc7\u8fde\u8f7d.md"}, {"path": "markdown/advance/Java\u96c6\u5408\u6846\u67b6/0006-java\u96c6\u5408\u6846\u67b6\u603b\u7ed3.md", "mtime": 1423299926.0, "mode": "file", "name": "0006-java\u96c6\u5408\u6846\u67b6\u603b\u7ed3.md"}], "path": "markdown/advance/Java\u96c6\u5408\u6846\u67b6", "mtime": 1423300260.0, "mode": "tree", "name": "Java\u96c6\u5408\u6846\u67b6"}