{"files": [{"path": "java/basic/jihekuangjia/0000-jibengainian.md", "rname": "0000-\u57fa\u672c\u6982\u5ff5.md", "mtime": 1423805067.0, "mode": "file", "name": "0000-jibengainian.md"}, {"path": "java/basic/jihekuangjia/0001-ArrayListheVectordiqubie.md", "rname": "0001-ArrayList\u548cVector\u7684\u533a\u522b.md", "mtime": 1423805067.0, "mode": "file", "name": "0001-ArrayListheVectordiqubie.md"}, {"path": "java/basic/jihekuangjia/0002-HashMapheHashtablediqubie.md", "rname": "0002-HashMap\u548cHashtable\u7684\u533a\u522b.md", "mtime": 1423805067.0, "mode": "file", "name": "0002-HashMapheHashtablediqubie.md"}, {"path": "java/basic/jihekuangjia/0003-List\u3001Map\u3001Setsangejiekou\uff0ccunquyuansushi\uff0cgeyoushimotedian\uff1f.md", "rname": "0003-List\u3001Map\u3001Set\u4e09\u4e2a\u63a5\u53e3\uff0c\u5b58\u53d6\u5143\u7d20\u65f6\uff0c\u5404\u6709\u4ec0\u4e48\u7279\u70b9\uff1f.md", "mtime": 1423805067.0, "mode": "file", "name": "0003-List\u3001Map\u3001Setsangejiekou\uff0ccunquyuansushi\uff0cgeyoushimotedian\uff1f.md"}, {"path": "java/basic/jihekuangjia/0004-shuochuArrayList,Vector, LinkedListdicunchuxingnenghetexing .md", "rname": "0004-\u8bf4\u51faArrayList,Vector, LinkedList\u7684\u5b58\u50a8\u6027\u80fd\u548c\u7279\u6027 .md", "mtime": 1423805067.0, "mode": "file", "name": "0004-shuochuArrayList,Vector, LinkedListdicunchuxingnenghetexing .md"}], "rname": "\u96c6\u5408\u6846\u67b6", "name": "jihekuangjia", "mode": "tree", "mtime": 1423918645.0, "path": "java/basic/jihekuangjia"}