{"files": [{"path": "markdown/database/\u8868\u8fde\u63a5/0000-\u6570\u636e\u51c6\u5907.md", "mtime": 1423299926.0, "mode": "file", "name": "0000-\u6570\u636e\u51c6\u5907.md"}, {"path": "markdown/database/\u8868\u8fde\u63a5/0001-\u8868\u8fde\u63a5\u7b80\u4ecb.md", "mtime": 1423299926.0, "mode": "file", "name": "0001-\u8868\u8fde\u63a5\u7b80\u4ecb.md"}, {"path": "markdown/database/\u8868\u8fde\u63a5/0002-\u5185\u8fde\u63a5\uff08INNER JOIN\uff09.md", "mtime": 1423299926.0, "mode": "file", "name": "0002-\u5185\u8fde\u63a5\uff08INNER JOIN\uff09.md"}, {"path": "markdown/database/\u8868\u8fde\u63a5/0003-\u4e0d\u7b49\u503c\u8fde\u63a5.md", "mtime": 1423299926.0, "mode": "file", "name": "0003-\u4e0d\u7b49\u503c\u8fde\u63a5.md"}, {"path": "markdown/database/\u8868\u8fde\u63a5/0004-\u4ea4\u53c9\u8fde\u63a5.md", "mtime": 1423299926.0, "mode": "file", "name": "0004-\u4ea4\u53c9\u8fde\u63a5.md"}, {"path": "markdown/database/\u8868\u8fde\u63a5/0005-\u81ea\u8fde\u63a5.md", "mtime": 1423299926.0, "mode": "file", "name": "0005-\u81ea\u8fde\u63a5.md"}, {"path": "markdown/database/\u8868\u8fde\u63a5/0006-\u5916\u90e8\u8fde\u63a5.md", "mtime": 1423299926.0, "mode": "file", "name": "0006-\u5916\u90e8\u8fde\u63a5.md"}, {"path": "markdown/database/\u8868\u8fde\u63a5/0007-\u5168\u5916\u90e8\u8fde\u63a5.md", "mtime": 1423299926.0, "mode": "file", "name": "0007-\u5168\u5916\u90e8\u8fde\u63a5.md"}], "path": "markdown/database/\u8868\u8fde\u63a5", "mtime": 1423300260.0, "mode": "tree", "name": "\u8868\u8fde\u63a5"}