{"files": [{"path": "java/0006-Webkuangjia/0001-spring", "rname": "0001-spring", "mtime": 1423918645.0, "mode": "tree", "name": "0001-spring"}, {"path": "java/0006-Webkuangjia/0002-struts2", "rname": "0002-struts2", "mtime": 1423918645.0, "mode": "tree", "name": "0002-struts2"}, {"path": "java/0006-Webkuangjia/0003-hibernate", "rname": "0003-hibernate", "mtime": 1423918645.0, "mode": "tree", "name": "0003-hibernate"}], "rname": "0006-Web\u6846\u67b6", "name": "0006-Webkuangjia", "mode": "tree", "mtime": 1424196249.0, "path": "java/0006-Webkuangjia"}