{"files": [{"path": "java/0004-shujuku/0007-biaolianjie/0000-shujuzhunbei.md", "rname": "0000-\u6570\u636e\u51c6\u5907.md", "mtime": 1423805067.0, "mode": "file", "name": "0000-shujuzhunbei.md"}, {"path": "java/0004-shujuku/0007-biaolianjie/0001-biaolianjiejianjie.md", "rname": "0001-\u8868\u8fde\u63a5\u7b80\u4ecb.md", "mtime": 1423805067.0, "mode": "file", "name": "0001-biaolianjiejianjie.md"}, {"path": "java/0004-shujuku/0007-biaolianjie/0002-neilianjie\uff08INNER JOIN\uff09.md", "rname": "0002-\u5185\u8fde\u63a5\uff08INNER JOIN\uff09.md", "mtime": 1423805067.0, "mode": "file", "name": "0002-neilianjie\uff08INNER JOIN\uff09.md"}, {"path": "java/0004-shujuku/0007-biaolianjie/0003-budengzhilianjie.md", "rname": "0003-\u4e0d\u7b49\u503c\u8fde\u63a5.md", "mtime": 1423805067.0, "mode": "file", "name": "0003-budengzhilianjie.md"}, {"path": "java/0004-shujuku/0007-biaolianjie/0004-jiaochalianjie.md", "rname": "0004-\u4ea4\u53c9\u8fde\u63a5.md", "mtime": 1423805067.0, "mode": "file", "name": "0004-jiaochalianjie.md"}, {"path": "java/0004-shujuku/0007-biaolianjie/0005-zilianjie.md", "rname": "0005-\u81ea\u8fde\u63a5.md", "mtime": 1423805067.0, "mode": "file", "name": "0005-zilianjie.md"}, {"path": "java/0004-shujuku/0007-biaolianjie/0006-waibulianjie.md", "rname": "0006-\u5916\u90e8\u8fde\u63a5.md", "mtime": 1423805067.0, "mode": "file", "name": "0006-waibulianjie.md"}, {"path": "java/0004-shujuku/0007-biaolianjie/0007-quanwaibulianjie.md", "rname": "0007-\u5168\u5916\u90e8\u8fde\u63a5.md", "mtime": 1423805067.0, "mode": "file", "name": "0007-quanwaibulianjie.md"}], "rname": "0007-\u8868\u8fde\u63a5", "name": "0007-biaolianjie", "mode": "tree", "mtime": 1423918645.0, "path": "java/0004-shujuku/0007-biaolianjie"}