{"files": [{"path": "dist/markdown/database/zhuliushujukudiSQLyufachayiyijiejuefangan", "rname": "\u4e3b\u6d41\u6570\u636e\u5e93\u7684SQL\u8bed\u6cd5\u5dee\u5f02\u4ee5\u89e3\u51b3\u65b9\u6848", "mtime": 1423918645.0, "mode": "tree", "name": "zhuliushujukudiSQLyufachayiyijiejuefangan"}, {"path": "dist/markdown/database/hanshu", "rname": "\u51fd\u6570", "mtime": 1423918645.0, "mode": "tree", "name": "hanshu"}, {"path": "dist/markdown/database/zichaxun", "rname": "\u5b50\u67e5\u8be2", "mtime": 1423918645.0, "mode": "tree", "name": "zichaxun"}, {"path": "dist/markdown/database/shujukujichu", "rname": "\u6570\u636e\u5e93\u57fa\u7840", "mtime": 1423918645.0, "mode": "tree", "name": "shujukujichu"}, {"path": "dist/markdown/database/shujudizengshangai", "rname": "\u6570\u636e\u7684\u589e\u5220\u6539", "mtime": 1423918645.0, "mode": "tree", "name": "shujudizengshangai"}, {"path": "dist/markdown/database/shujudijiansuo", "rname": "\u6570\u636e\u7684\u68c0\u7d22", "mtime": 1423918645.0, "mode": "tree", "name": "shujudijiansuo"}, {"path": "dist/markdown/database/shujubiaodichuangjianheguanli", "rname": "\u6570\u636e\u8868\u7684\u521b\u5efa\u548c\u7ba1\u7406", "mtime": 1423918645.0, "mode": "tree", "name": "shujubiaodichuangjianheguanli"}, {"path": "dist/markdown/database/suoyinyuyueshu", "rname": "\u7d22\u5f15\u4e0e\u7ea6\u675f", "mtime": 1423918645.0, "mode": "tree", "name": "suoyinyuyueshu"}, {"path": "dist/markdown/database/biaolianjie", "rname": "\u8868\u8fde\u63a5", "mtime": 1423918645.0, "mode": "tree", "name": "biaolianjie"}, {"path": "dist/markdown/database/gaojihuati", "rname": "\u9ad8\u7ea7\u8bdd\u9898", "mtime": 1423918645.0, "mode": "tree", "name": "gaojihuati"}], "rname": "database", "name": "database", "mode": "tree", "mtime": 1423918645.0, "path": "dist/markdown/database"}