{"files": [{"path": "markdown/database/\u4e3b\u6d41\u6570\u636e\u5e93\u7684SQL\u8bed\u6cd5\u5dee\u5f02\u4ee5\u89e3\u51b3\u65b9\u6848", "mtime": 1423300260.0, "mode": "tree", "name": "\u4e3b\u6d41\u6570\u636e\u5e93\u7684SQL\u8bed\u6cd5\u5dee\u5f02\u4ee5\u89e3\u51b3\u65b9\u6848"}, {"path": "markdown/database/\u51fd\u6570", "mtime": 1423300260.0, "mode": "tree", "name": "\u51fd\u6570"}, {"path": "markdown/database/\u5b50\u67e5\u8be2", "mtime": 1423300260.0, "mode": "tree", "name": "\u5b50\u67e5\u8be2"}, {"path": "markdown/database/\u6570\u636e\u5e93\u57fa\u7840", "mtime": 1423300260.0, "mode": "tree", "name": "\u6570\u636e\u5e93\u57fa\u7840"}, {"path": "markdown/database/\u6570\u636e\u7684\u589e\u5220\u6539", "mtime": 1423300260.0, "mode": "tree", "name": "\u6570\u636e\u7684\u589e\u5220\u6539"}, {"path": "markdown/database/\u6570\u636e\u7684\u68c0\u7d22", "mtime": 1423300260.0, "mode": "tree", "name": "\u6570\u636e\u7684\u68c0\u7d22"}, {"path": "markdown/database/\u6570\u636e\u8868\u7684\u521b\u5efa\u548c\u7ba1\u7406", "mtime": 1423300260.0, "mode": "tree", "name": "\u6570\u636e\u8868\u7684\u521b\u5efa\u548c\u7ba1\u7406"}, {"path": "markdown/database/\u7d22\u5f15\u4e0e\u7ea6\u675f", "mtime": 1423300260.0, "mode": "tree", "name": "\u7d22\u5f15\u4e0e\u7ea6\u675f"}, {"path": "markdown/database/\u8868\u8fde\u63a5", "mtime": 1423300260.0, "mode": "tree", "name": "\u8868\u8fde\u63a5"}, {"path": "markdown/database/\u9ad8\u7ea7\u8bdd\u9898", "mtime": 1423300260.0, "mode": "tree", "name": "\u9ad8\u7ea7\u8bdd\u9898"}], "path": "markdown/database", "mtime": 1423300260.0, "mode": "tree", "name": "database"}