{"files": [{"path": "java/0001-jichu/0003-jihekuangjia/0000-jibengainian.md", "rname": "0000-\u57fa\u672c\u6982\u5ff5.md", "mtime": 1423805067.0, "mode": "file", "name": "0000-jibengainian.md"}, {"path": "java/0001-jichu/0003-jihekuangjia/0001-ArrayListheVectordiqubie.md", "rname": "0001-ArrayList\u548cVector\u7684\u533a\u522b.md", "mtime": 1423805067.0, "mode": "file", "name": "0001-ArrayListheVectordiqubie.md"}, {"path": "java/0001-jichu/0003-jihekuangjia/0002-HashMapheHashtablediqubie.md", "rname": "0002-HashMap\u548cHashtable\u7684\u533a\u522b.md", "mtime": 1423805067.0, "mode": "file", "name": "0002-HashMapheHashtablediqubie.md"}, {"path": "java/0001-jichu/0003-jihekuangjia/0003-List,Map,Setsangejiekou,cunquyuansushi,geyoushimotedian?.md", "rname": "0003-List,Map,Set\u4e09\u4e2a\u63a5\u53e3,\u5b58\u53d6\u5143\u7d20\u65f6,\u5404\u6709\u4ec0\u4e48\u7279\u70b9?.md", "mtime": 1423805067.0, "mode": "file", "name": "0003-List,Map,Setsangejiekou,cunquyuansushi,geyoushimotedian?.md"}, {"path": "java/0001-jichu/0003-jihekuangjia/0004-shuochuArrayList,Vector, LinkedListdicunchuxingnenghetexing .md", "rname": "0004-\u8bf4\u51faArrayList,Vector, LinkedList\u7684\u5b58\u50a8\u6027\u80fd\u548c\u7279\u6027 .md", "mtime": 1423805067.0, "mode": "file", "name": "0004-shuochuArrayList,Vector, LinkedListdicunchuxingnenghetexing .md"}], "rname": "0003-\u96c6\u5408\u6846\u67b6", "name": "0003-jihekuangjia", "mode": "tree", "mtime": 1424771174.0, "path": "java/0001-jichu/0003-jihekuangjia"}