{"files": [{"path": "markdown/database/\u5b50\u67e5\u8be2/0000-\u6570\u636e\u51c6\u5907.md", "mtime": 1423299926.0, "mode": "file", "name": "0000-\u6570\u636e\u51c6\u5907.md"}, {"path": "markdown/database/\u5b50\u67e5\u8be2/0001-\u5355\u503c\u5b50\u67e5\u8be2.md", "mtime": 1423299926.0, "mode": "file", "name": "0001-\u5355\u503c\u5b50\u67e5\u8be2.md"}, {"path": "markdown/database/\u5b50\u67e5\u8be2/0002-\u5217\u503c\u5b50\u67e5\u8be2.md", "mtime": 1423299926.0, "mode": "file", "name": "0002-\u5217\u503c\u5b50\u67e5\u8be2.md"}, {"path": "markdown/database/\u5b50\u67e5\u8be2/0003-SELECT\u5217\u8868\u4e2d\u7684\u6807\u91cf\u5b50\u67e5\u8be2.md", "mtime": 1423299926.0, "mode": "file", "name": "0003-SELECT\u5217\u8868\u4e2d\u7684\u6807\u91cf\u5b50\u67e5\u8be2.md"}, {"path": "markdown/database/\u5b50\u67e5\u8be2/0004-WHERE \u5b50\u53e5\u4e2d\u7684\u6807\u91cf\u5b50\u67e5\u8be2.md", "mtime": 1423299926.0, "mode": "file", "name": "0004-WHERE \u5b50\u53e5\u4e2d\u7684\u6807\u91cf\u5b50\u67e5\u8be2.md"}, {"path": "markdown/database/\u5b50\u67e5\u8be2/0005-IN \u8fd0\u7b97\u7b26.md", "mtime": 1423299926.0, "mode": "file", "name": "0005-IN \u8fd0\u7b97\u7b26.md"}, {"path": "markdown/database/\u5b50\u67e5\u8be2/0006-ANY\u548cSOME \u8fd0\u7b97\u7b26.md", "mtime": 1423299926.0, "mode": "file", "name": "0006-ANY\u548cSOME \u8fd0\u7b97\u7b26.md"}, {"path": "markdown/database/\u5b50\u67e5\u8be2/0007-ALL\u8fd0\u7b97\u7b26.md", "mtime": 1423299926.0, "mode": "file", "name": "0007-ALL\u8fd0\u7b97\u7b26.md"}, {"path": "markdown/database/\u5b50\u67e5\u8be2/0008-EXISTS\u8fd0\u7b97\u7b26.md", "mtime": 1423299926.0, "mode": "file", "name": "0008-EXISTS\u8fd0\u7b97\u7b26.md"}, {"path": "markdown/database/\u5b50\u67e5\u8be2/0009-\u5b50\u67e5\u8be2\u5728INSERT\u8bed\u53e5\u4e2d\u7684\u5e94\u7528.md", "mtime": 1423299926.0, "mode": "file", "name": "0009-\u5b50\u67e5\u8be2\u5728INSERT\u8bed\u53e5\u4e2d\u7684\u5e94\u7528.md"}, {"path": "markdown/database/\u5b50\u67e5\u8be2/0010-\u5b50\u67e5\u8be2\u5728UPDATE \u8bed\u53e5\u4e2d\u7684\u5e94\u7528.md", "mtime": 1423299926.0, "mode": "file", "name": "0010-\u5b50\u67e5\u8be2\u5728UPDATE \u8bed\u53e5\u4e2d\u7684\u5e94\u7528.md"}, {"path": "markdown/database/\u5b50\u67e5\u8be2/0011-\u5b50\u67e5\u8be2\u5728DELETE\u8bed\u53e5\u4e2d\u7684\u5e94\u7528.md", "mtime": 1423299926.0, "mode": "file", "name": "0011-\u5b50\u67e5\u8be2\u5728DELETE\u8bed\u53e5\u4e2d\u7684\u5e94\u7528.md"}], "path": "markdown/database/\u5b50\u67e5\u8be2", "mtime": 1423300260.0, "mode": "tree", "name": "\u5b50\u67e5\u8be2"}