{"files": [{"path": "java/0008-Javamiti/0002-zifumiti/0000-miti11 zuihoudixiaosheng.md", "rname": "0000-\u8c1c\u989811 \u6700\u540e\u7684\u7b11\u58f0.md", "mtime": 1423805067.0, "mode": "file", "name": "0000-miti11 zuihoudixiaosheng.md"}, {"path": "java/0008-Javamiti/0002-zifumiti/0001-miti12 ABC.md", "rname": "0001-\u8c1c\u989812 ABC.md", "mtime": 1423805067.0, "mode": "file", "name": "0001-miti12 ABC.md"}, {"path": "java/0008-Javamiti/0002-zifumiti/0002-miti13 xumuchang.md", "rname": "0002-\u8c1c\u989813 \u755c\u7267\u573a.md", "mtime": 1423805067.0, "mode": "file", "name": "0002-miti13 xumuchang.md"}, {"path": "java/0008-Javamiti/0002-zifumiti/0003-miti14 zhuanyizifudikuibai.md", "rname": "0003-\u8c1c\u989814 \u8f6c\u4e49\u5b57\u7b26\u7684\u6e83\u8d25.md", "mtime": 1423805067.0, "mode": "file", "name": "0003-miti14 zhuanyizifudikuibai.md"}, {"path": "java/0008-Javamiti/0002-zifumiti/0004-miti15 lingrenyuntouzhuanxiangdiHello.md", "rname": "0004-\u8c1c\u989815 \u4ee4\u4eba\u6655\u5934\u8f6c\u5411\u7684Hello.md", "mtime": 1423805067.0, "mode": "file", "name": "0004-miti15 lingrenyuntouzhuanxiangdiHello.md"}, {"path": "java/0008-Javamiti/0002-zifumiti/0005-miti16 hangdayinchengxu.md", "rname": "0005-\u8c1c\u989816 \u884c\u6253\u5370\u7a0b\u5e8f.md", "mtime": 1423805067.0, "mode": "file", "name": "0005-miti16 hangdayinchengxu.md"}, {"path": "java/0008-Javamiti/0002-zifumiti/0006-miti17 shihefadiJavachengxuma?.md", "rname": "0006-\u8c1c\u989817 \u662f\u5408\u6cd5\u7684Java\u7a0b\u5e8f\u5417?.md", "mtime": 1423805067.0, "mode": "file", "name": "0006-miti17 shihefadiJavachengxuma?.md"}, {"path": "java/0008-Javamiti/0002-zifumiti/0007-miti18 zifuchuannailao.md", "rname": "0007-\u8c1c\u989818 \u5b57\u7b26\u4e32\u5976\u916a.md", "mtime": 1423805067.0, "mode": "file", "name": "0007-miti18 zifuchuannailao.md"}, {"path": "java/0008-Javamiti/0002-zifumiti/0008-miti19 piaoliangdihuohua.md", "rname": "0008-\u8c1c\u989819 \u6f02\u4eae\u7684\u706b\u82b1.md", "mtime": 1423805067.0, "mode": "file", "name": "0008-miti19 piaoliangdihuohua.md"}, {"path": "java/0008-Javamiti/0002-zifumiti/0009-miti20 wodileishishimo\uff1f.md", "rname": "0009-\u8c1c\u989820 \u6211\u7684\u7c7b\u662f\u4ec0\u4e48\uff1f.md", "mtime": 1423805067.0, "mode": "file", "name": "0009-miti20 wodileishishimo\uff1f.md"}, {"path": "java/0008-Javamiti/0002-zifumiti/0010-miti21 wodileishishimo\uff1fII.md", "rname": "0010-\u8c1c\u989821 \u6211\u7684\u7c7b\u662f\u4ec0\u4e48\uff1fII.md", "mtime": 1423805067.0, "mode": "file", "name": "0010-miti21 wodileishishimo\uff1fII.md"}, {"path": "java/0008-Javamiti/0002-zifumiti/0011-miti22 URLdiyunong.md", "rname": "0011-\u8c1c\u989822 URL\u7684\u611a\u5f04.md", "mtime": 1423805067.0, "mode": "file", "name": "0011-miti22 URLdiyunong.md"}, {"path": "java/0008-Javamiti/0002-zifumiti/0012-miti23 bulaowuhuo.md", "rname": "0012-\u8c1c\u989823 \u4e0d\u52b3\u65e0\u83b7.md", "mtime": 1423805067.0, "mode": "file", "name": "0012-miti23 bulaowuhuo.md"}], "rname": "0002-\u5b57\u7b26\u8c1c\u9898", "name": "0002-zifumiti", "mode": "tree", "mtime": 1424799733.0, "path": "java/0008-Javamiti/0002-zifumiti"}