{"files": [{"path": "java/0007-shejimoshi/0001-shejimoshiliudayuanze", "rname": "0001-\u8bbe\u8ba1\u6a21\u5f0f\u516d\u5927\u539f\u5219", "mtime": 1424610892.0, "mode": "tree", "name": "0001-shejimoshiliudayuanze"}, {"path": "java/0007-shejimoshi/0002-chuangjianxingmoshi", "rname": "0002-\u521b\u5efa\u578b\u6a21\u5f0f", "mtime": 1424610948.0, "mode": "tree", "name": "0002-chuangjianxingmoshi"}, {"path": "java/0007-shejimoshi/0003-hangweixingmoshi", "rname": "0003-\u884c\u4e3a\u578b\u6a21\u5f0f", "mtime": 1424611072.0, "mode": "tree", "name": "0003-hangweixingmoshi"}, {"path": "java/0007-shejimoshi/0004-jiegouxingmoshi", "rname": "0004-\u7ed3\u6784\u578b\u6a21\u5f0f", "mtime": 1424611132.0, "mode": "tree", "name": "0004-jiegouxingmoshi"}], "rname": "0007-\u8bbe\u8ba1\u6a21\u5f0f", "name": "0007-shejimoshi", "mode": "tree", "mtime": 1424611269.0, "path": "java/0007-shejimoshi"}