{"files": [{"path": "java/0007-shejimoshi/0003-hangweixingmoshi/0000-23zhongshejimoshi(6)mobanfangfamoshi.md", "rname": "0000-23\u79cd\u8bbe\u8ba1\u6a21\u5f0f(6)\u6a21\u7248\u65b9\u6cd5\u6a21\u5f0f.md", "mtime": 1423805067.0, "mode": "file", "name": "0000-23zhongshejimoshi(6)mobanfangfamoshi.md"}, {"path": "java/0007-shejimoshi/0003-hangweixingmoshi/0001-23zhongshejimoshi(7)zhongjiezhemoshi.md", "rname": "0001-23\u79cd\u8bbe\u8ba1\u6a21\u5f0f(7)\u4e2d\u4ecb\u8005\u6a21\u5f0f.md", "mtime": 1423805067.0, "mode": "file", "name": "0001-23zhongshejimoshi(7)zhongjiezhemoshi.md"}, {"path": "java/0007-shejimoshi/0003-hangweixingmoshi/0002-23zhongshejimoshi(8)guanchazhemoshi.md", "rname": "0002-23\u79cd\u8bbe\u8ba1\u6a21\u5f0f(8)\u89c2\u5bdf\u8005\u6a21\u5f0f.md", "mtime": 1423805067.0, "mode": "file", "name": "0002-23zhongshejimoshi(8)guanchazhemoshi.md"}, {"path": "java/0007-shejimoshi/0003-hangweixingmoshi/0003-23zhongshejimoshi(9)fangwenzhemoshi.md", "rname": "0003-23\u79cd\u8bbe\u8ba1\u6a21\u5f0f(9)\u8bbf\u95ee\u8005\u6a21\u5f0f.md", "mtime": 1423805067.0, "mode": "file", "name": "0003-23zhongshejimoshi(9)fangwenzhemoshi.md"}, {"path": "java/0007-shejimoshi/0003-hangweixingmoshi/0004-23zhongshejimoshi(10)minglingmoshi.md", "rname": "0004-23\u79cd\u8bbe\u8ba1\u6a21\u5f0f(10)\u547d\u4ee4\u6a21\u5f0f.md", "mtime": 1423805067.0, "mode": "file", "name": "0004-23zhongshejimoshi(10)minglingmoshi.md"}, {"path": "java/0007-shejimoshi/0003-hangweixingmoshi/0005-23zhongshejimoshi(11)zerenlianmoshi.md", "rname": "0005-23\u79cd\u8bbe\u8ba1\u6a21\u5f0f(11)\u8d23\u4efb\u94fe\u6a21\u5f0f.md", "mtime": 1423805067.0, "mode": "file", "name": "0005-23zhongshejimoshi(11)zerenlianmoshi.md"}, {"path": "java/0007-shejimoshi/0003-hangweixingmoshi/0006-23zhongshejimoshi(12)celvemoshi.md", "rname": "0006-23\u79cd\u8bbe\u8ba1\u6a21\u5f0f(12)\u7b56\u7565\u6a21\u5f0f.md", "mtime": 1423805067.0, "mode": "file", "name": "0006-23zhongshejimoshi(12)celvemoshi.md"}, {"path": "java/0007-shejimoshi/0003-hangweixingmoshi/0007-23zhongshejimoshi(13)diedaiqimoshi.md", "rname": "0007-23\u79cd\u8bbe\u8ba1\u6a21\u5f0f(13)\u8fed\u4ee3\u5668\u6a21\u5f0f.md", "mtime": 1423805067.0, "mode": "file", "name": "0007-23zhongshejimoshi(13)diedaiqimoshi.md"}, {"path": "java/0007-shejimoshi/0003-hangweixingmoshi/0008-23zhongshejimoshi(14)jieshiqimoshi.md", "rname": "0008-23\u79cd\u8bbe\u8ba1\u6a21\u5f0f(14)\u89e3\u91ca\u5668\u6a21\u5f0f.md", "mtime": 1423805067.0, "mode": "file", "name": "0008-23zhongshejimoshi(14)jieshiqimoshi.md"}, {"path": "java/0007-shejimoshi/0003-hangweixingmoshi/0009-23zhongshejimoshi(15)beiwanglumoshi.md", "rname": "0009-23\u79cd\u8bbe\u8ba1\u6a21\u5f0f(15)\u5907\u5fd8\u5f55\u6a21\u5f0f.md", "mtime": 1423805067.0, "mode": "file", "name": "0009-23zhongshejimoshi(15)beiwanglumoshi.md"}, {"path": "java/0007-shejimoshi/0003-hangweixingmoshi/0010-23zhongshejimoshi(16)zhuangtaimoshi.md", "rname": "0010-23\u79cd\u8bbe\u8ba1\u6a21\u5f0f(16)\u72b6\u6001\u6a21\u5f0f.md", "mtime": 1423805067.0, "mode": "file", "name": "0010-23zhongshejimoshi(16)zhuangtaimoshi.md"}], "rname": "0003-\u884c\u4e3a\u578b\u6a21\u5f0f", "name": "0003-hangweixingmoshi", "mode": "tree", "mtime": 1424611072.0, "path": "java/0007-shejimoshi/0003-hangweixingmoshi"}