{"files": [{"path": "java/0007-shejimoshi/0004-jiegouxingmoshi/0000-23zhongshejimoshi(17)shipeiqimoshi.md", "rname": "0000-23\u79cd\u8bbe\u8ba1\u6a21\u5f0f(17)\u9002\u914d\u5668\u6a21\u5f0f.md", "mtime": 1423805067.0, "mode": "file", "name": "0000-23zhongshejimoshi(17)shipeiqimoshi.md"}, {"path": "java/0007-shejimoshi/0004-jiegouxingmoshi/0001-23zhongshejimoshi(18)qiaojiemoshi.md", "rname": "0001-23\u79cd\u8bbe\u8ba1\u6a21\u5f0f(18)\u6865\u63a5\u6a21\u5f0f.md", "mtime": 1423805067.0, "mode": "file", "name": "0001-23zhongshejimoshi(18)qiaojiemoshi.md"}, {"path": "java/0007-shejimoshi/0004-jiegouxingmoshi/0002-23zhongshejimoshi(19)zuhemoshi.md", "rname": "0002-23\u79cd\u8bbe\u8ba1\u6a21\u5f0f(19)\u7ec4\u5408\u6a21\u5f0f.md", "mtime": 1423805067.0, "mode": "file", "name": "0002-23zhongshejimoshi(19)zuhemoshi.md"}, {"path": "java/0007-shejimoshi/0004-jiegouxingmoshi/0003-23zhongshejimoshi(20)zhuangshimoshi.md", "rname": "0003-23\u79cd\u8bbe\u8ba1\u6a21\u5f0f(20)\u88c5\u9970\u6a21\u5f0f.md", "mtime": 1423805067.0, "mode": "file", "name": "0003-23zhongshejimoshi(20)zhuangshimoshi.md"}, {"path": "java/0007-shejimoshi/0004-jiegouxingmoshi/0004-23zhongshejimoshi(21)waiguanmoshi.md", "rname": "0004-23\u79cd\u8bbe\u8ba1\u6a21\u5f0f(21)\u5916\u89c2\u6a21\u5f0f.md", "mtime": 1423805067.0, "mode": "file", "name": "0004-23zhongshejimoshi(21)waiguanmoshi.md"}, {"path": "java/0007-shejimoshi/0004-jiegouxingmoshi/0005-23zhongshejimoshi(22)xiangyuanmoshi.md", "rname": "0005-23\u79cd\u8bbe\u8ba1\u6a21\u5f0f(22)\u4eab\u5143\u6a21\u5f0f.md", "mtime": 1423805067.0, "mode": "file", "name": "0005-23zhongshejimoshi(22)xiangyuanmoshi.md"}, {"path": "java/0007-shejimoshi/0004-jiegouxingmoshi/0006-23zhongshejimoshi(23)dailimoshi.md", "rname": "0006-23\u79cd\u8bbe\u8ba1\u6a21\u5f0f(23)\u4ee3\u7406\u6a21\u5f0f.md", "mtime": 1423805067.0, "mode": "file", "name": "0006-23zhongshejimoshi(23)dailimoshi.md"}], "rname": "0004-\u7ed3\u6784\u578b\u6a21\u5f0f", "name": "0004-jiegouxingmoshi", "mode": "tree", "mtime": 1424611132.0, "path": "java/0007-shejimoshi/0004-jiegouxingmoshi"}