{"files": [{"path": "markdown/puzzle/\u5b57\u7b26\u8c1c\u9898/0000-\u8c1c\u989811\uff1a\u6700\u540e\u7684\u7b11\u58f0.md", "mtime": 1423299926.0, "mode": "file", "name": "0000-\u8c1c\u989811\uff1a\u6700\u540e\u7684\u7b11\u58f0.md"}, {"path": "markdown/puzzle/\u5b57\u7b26\u8c1c\u9898/0001-\u8c1c\u989812\uff1aABC.md", "mtime": 1423299926.0, "mode": "file", "name": "0001-\u8c1c\u989812\uff1aABC.md"}, {"path": "markdown/puzzle/\u5b57\u7b26\u8c1c\u9898/0002-\u8c1c\u989813\uff1a\u755c\u7267\u573a.md", "mtime": 1423299926.0, "mode": "file", "name": "0002-\u8c1c\u989813\uff1a\u755c\u7267\u573a.md"}, {"path": "markdown/puzzle/\u5b57\u7b26\u8c1c\u9898/0003-\u8c1c\u989814\uff1a\u8f6c\u4e49\u5b57\u7b26\u7684\u6e83\u8d25.md", "mtime": 1423299926.0, "mode": "file", "name": "0003-\u8c1c\u989814\uff1a\u8f6c\u4e49\u5b57\u7b26\u7684\u6e83\u8d25.md"}, {"path": "markdown/puzzle/\u5b57\u7b26\u8c1c\u9898/0004-\u8c1c\u989815\uff1a\u4ee4\u4eba\u6655\u5934\u8f6c\u5411\u7684Hello.md", "mtime": 1423299926.0, "mode": "file", "name": "0004-\u8c1c\u989815\uff1a\u4ee4\u4eba\u6655\u5934\u8f6c\u5411\u7684Hello.md"}, {"path": "markdown/puzzle/\u5b57\u7b26\u8c1c\u9898/0005-\u8c1c\u989816\uff1a\u884c\u6253\u5370\u7a0b\u5e8f.md", "mtime": 1423299926.0, "mode": "file", "name": "0005-\u8c1c\u989816\uff1a\u884c\u6253\u5370\u7a0b\u5e8f.md"}, {"path": "markdown/puzzle/\u5b57\u7b26\u8c1c\u9898/0006-\u8c1c\u989817\uff1a\u55ef\uff1f.md", "mtime": 1423299926.0, "mode": "file", "name": "0006-\u8c1c\u989817\uff1a\u55ef\uff1f.md"}, {"path": "markdown/puzzle/\u5b57\u7b26\u8c1c\u9898/0007-\u8c1c\u989818\uff1a\u5b57\u7b26\u4e32\u5976\u916a.md", "mtime": 1423299926.0, "mode": "file", "name": "0007-\u8c1c\u989818\uff1a\u5b57\u7b26\u4e32\u5976\u916a.md"}, {"path": "markdown/puzzle/\u5b57\u7b26\u8c1c\u9898/0008-\u8c1c\u989819\uff1a\u6f02\u4eae\u7684\u706b\u82b1.md", "mtime": 1423299926.0, "mode": "file", "name": "0008-\u8c1c\u989819\uff1a\u6f02\u4eae\u7684\u706b\u82b1.md"}, {"path": "markdown/puzzle/\u5b57\u7b26\u8c1c\u9898/0009-\u8c1c\u989820\uff1a\u6211\u7684\u7c7b\u662f\u4ec0\u4e48\uff1f.md", "mtime": 1423299926.0, "mode": "file", "name": "0009-\u8c1c\u989820\uff1a\u6211\u7684\u7c7b\u662f\u4ec0\u4e48\uff1f.md"}, {"path": "markdown/puzzle/\u5b57\u7b26\u8c1c\u9898/0010-\u8c1c\u989821\uff1a\u6211\u7684\u7c7b\u662f\u4ec0\u4e48\uff1fII.md", "mtime": 1423299926.0, "mode": "file", "name": "0010-\u8c1c\u989821\uff1a\u6211\u7684\u7c7b\u662f\u4ec0\u4e48\uff1fII.md"}, {"path": "markdown/puzzle/\u5b57\u7b26\u8c1c\u9898/0011-\u8c1c\u989822\uff1aURL\u7684\u611a\u5f04.md", "mtime": 1423299926.0, "mode": "file", "name": "0011-\u8c1c\u989822\uff1aURL\u7684\u611a\u5f04.md"}, {"path": "markdown/puzzle/\u5b57\u7b26\u8c1c\u9898/0012-\u8c1c\u989823\uff1a\u4e0d\u52b3\u65e0\u83b7.md", "mtime": 1423299926.0, "mode": "file", "name": "0012-\u8c1c\u989823\uff1a\u4e0d\u52b3\u65e0\u83b7.md"}], "path": "markdown/puzzle/\u5b57\u7b26\u8c1c\u9898", "mtime": 1423300260.0, "mode": "tree", "name": "\u5b57\u7b26\u8c1c\u9898"}