{"files": [{"path": "markdown/pattern/\u521b\u5efa\u578b\u6a21\u5f0f", "mtime": 1423300260.0, "mode": "tree", "name": "\u521b\u5efa\u578b\u6a21\u5f0f"}, {"path": "markdown/pattern/\u7ed3\u6784\u578b\u6a21\u5f0f", "mtime": 1423300260.0, "mode": "tree", "name": "\u7ed3\u6784\u578b\u6a21\u5f0f"}, {"path": "markdown/pattern/\u884c\u4e3a\u578b\u6a21\u5f0f", "mtime": 1423300260.0, "mode": "tree", "name": "\u884c\u4e3a\u578b\u6a21\u5f0f"}, {"path": "markdown/pattern/\u8bbe\u8ba1\u6a21\u5f0f\u516d\u5927\u539f\u5219", "mtime": 1423300260.0, "mode": "tree", "name": "\u8bbe\u8ba1\u6a21\u5f0f\u516d\u5927\u539f\u5219"}], "path": "markdown/pattern", "mtime": 1423300260.0, "mode": "tree", "name": "pattern"}