{"files": [{"path": "java/pattern/chuangjianxingmoshi", "rname": "\u521b\u5efa\u578b\u6a21\u5f0f", "mtime": 1423918645.0, "mode": "tree", "name": "chuangjianxingmoshi"}, {"path": "java/pattern/jiegouxingmoshi", "rname": "\u7ed3\u6784\u578b\u6a21\u5f0f", "mtime": 1423918645.0, "mode": "tree", "name": "jiegouxingmoshi"}, {"path": "java/pattern/hangweixingmoshi", "rname": "\u884c\u4e3a\u578b\u6a21\u5f0f", "mtime": 1423918645.0, "mode": "tree", "name": "hangweixingmoshi"}, {"path": "java/pattern/shejimoshiliudayuanze", "rname": "\u8bbe\u8ba1\u6a21\u5f0f\u516d\u5927\u539f\u5219", "mtime": 1423918645.0, "mode": "tree", "name": "shejimoshiliudayuanze"}], "rname": "pattern", "name": "pattern", "mode": "tree", "mtime": 1423918645.0, "path": "java/pattern"}