{"files": [{"path": "java/0005-JavaEE/0001-JSPjianjie", "rname": "0001-JSP\u7b80\u4ecb", "mtime": 1423918645.0, "mode": "tree", "name": "0001-JSPjianjie"}, {"path": "java/0005-JavaEE/0002-Servlet", "rname": "0002-Servlet", "mtime": 1423918645.0, "mode": "tree", "name": "0002-Servlet"}, {"path": "java/0005-JavaEE/0003-qita", "rname": "0003-\u5176\u5b83", "mtime": 1424799733.0, "mode": "tree", "name": "0003-qita"}], "rname": "0005-JavaEE", "name": "0005-JavaEE", "mode": "tree", "mtime": 1424196194.0, "path": "java/0005-JavaEE"}