{"files": [{"path": "dist/markdown/java_web/JSPjianjie", "rname": "JSP\u7b80\u4ecb", "mtime": 1423918645.0, "mode": "tree", "name": "JSPjianjie"}, {"path": "dist/markdown/java_web/Servlet", "rname": "Servlet", "mtime": 1423918645.0, "mode": "tree", "name": "Servlet"}, {"path": "dist/markdown/java_web/qita", "rname": "\u5176\u5b83", "mtime": 1423918645.0, "mode": "tree", "name": "qita"}], "rname": "java_web", "name": "java_web", "mode": "tree", "mtime": 1423918645.0, "path": "dist/markdown/java_web"}