{"files": [{"path": "java/0006-Webkuangjia/0001-spring/0000-springjichu.md", "rname": "0000-spring\u57fa\u7840.md", "mtime": 1423805067.0, "mode": "file", "name": "0000-springjichu.md"}, {"path": "java/0006-Webkuangjia/0001-spring/0001-Xmlpeizhiwenjianshuxingdishuoming.md", "rname": "0001-Xml\u914d\u7f6e\u6587\u4ef6\u5c5e\u6027\u7684\u8bf4\u660e.md", "mtime": 1423805067.0, "mode": "file", "name": "0001-Xmlpeizhiwenjianshuxingdishuoming.md"}, {"path": "java/0006-Webkuangjia/0001-spring/0002-shiyongchouxiangbean.md", "rname": "0002-\u4f7f\u7528\u62bd\u8c61bean.md", "mtime": 1423805067.0, "mode": "file", "name": "0002-shiyongchouxiangbean.md"}, {"path": "java/0006-Webkuangjia/0001-spring/0003-beanzairongqishangdishengmingzhouqi.md", "rname": "0003-bean\u5728\u5bb9\u5668\u4e0a\u7684\u751f\u547d\u5468\u671f.md", "mtime": 1423805067.0, "mode": "file", "name": "0003-beanzairongqishangdishengmingzhouqi.md"}, {"path": "java/0006-Webkuangjia/0001-spring/0004-BeanFactory.md", "rname": "0004-BeanFactory.md", "mtime": 1423805067.0, "mode": "file", "name": "0004-BeanFactory.md"}, {"path": "java/0006-Webkuangjia/0001-spring/0005-gongchangbeanhebeangongchang.md", "rname": "0005-\u5de5\u5382bean\u548cbean\u5de5\u5382.md", "mtime": 1423805067.0, "mode": "file", "name": "0005-gongchangbeanhebeangongchang.md"}, {"path": "java/0006-Webkuangjia/0001-spring/0006-shiyongApplicationContext.md", "rname": "0006-\u4f7f\u7528ApplicationContext.md", "mtime": 1423805067.0, "mode": "file", "name": "0006-shiyongApplicationContext.md"}, {"path": "java/0006-Webkuangjia/0001-spring/0007-springwanchengzidongzhuangpei.md", "rname": "0007-spring\u5b8c\u6210\u81ea\u52a8\u88c5\u914d.md", "mtime": 1423805067.0, "mode": "file", "name": "0007-springwanchengzidongzhuangpei.md"}, {"path": "java/0006-Webkuangjia/0001-spring/0008-BeanFactoryAwareheBeanNameAware.md", "rname": "0008-BeanFactoryAware\u548cBeanNameAware.md", "mtime": 1423805067.0, "mode": "file", "name": "0008-BeanFactoryAwareheBeanNameAware.md"}, {"path": "java/0006-Webkuangjia/0001-spring/0009-aopxiangguanshuyu .md", "rname": "0009-aop\u76f8\u5173\u672f\u8bed .md", "mtime": 1423805067.0, "mode": "file", "name": "0009-aopxiangguanshuyu .md"}, {"path": "java/0006-Webkuangjia/0001-spring/0010-AOPdigongzuomoshi.md", "rname": "0010-AOP\u7684\u5de5\u4f5c\u6a21\u5f0f.md", "mtime": 1423805067.0, "mode": "file", "name": "0010-AOPdigongzuomoshi.md"}, {"path": "java/0006-Webkuangjia/0001-spring/0011-AOPdizidongdaili.md", "rname": "0011-AOP\u7684\u81ea\u52a8\u4ee3\u7406.md", "mtime": 1423805067.0, "mode": "file", "name": "0011-AOPdizidongdaili.md"}, {"path": "java/0006-Webkuangjia/0001-spring/0012-zhuruAspectJqiemian.md", "rname": "0012-\u6ce8\u5165AspectJ\u5207\u9762.md", "mtime": 1423805067.0, "mode": "file", "name": "0012-zhuruAspectJqiemian.md"}, {"path": "java/0006-Webkuangjia/0001-spring/0013-shiwuguanli.md", "rname": "0013-\u4e8b\u52a1\u7ba1\u7406.md", "mtime": 1423805067.0, "mode": "file", "name": "0013-shiwuguanli.md"}, {"path": "java/0006-Webkuangjia/0001-spring/0014-zaispringzhongshoudongbianxieshiwu.md", "rname": "0014-\u5728spring\u4e2d\u624b\u52a8\u7f16\u5199\u4e8b\u52a1.md", "mtime": 1423805067.0, "mode": "file", "name": "0014-zaispringzhongshoudongbianxieshiwu.md"}, {"path": "java/0006-Webkuangjia/0001-spring/0015-shengmingshishiwu.md", "rname": "0015-\u58f0\u660e\u5f0f\u4e8b\u52a1.md", "mtime": 1423805067.0, "mode": "file", "name": "0015-shengmingshishiwu.md"}, {"path": "java/0006-Webkuangjia/0001-spring/0016-Springdianquanjizhi.md", "rname": "0016-Spring\u7684\u5b89\u5168\u673a\u5236.md", "mtime": 1423805067.0, "mode": "file", "name": "0016-Springdianquanjizhi.md"}, {"path": "java/0006-Webkuangjia/0001-spring/0017-Springdiyuanchengtiaoyong.md", "rname": "0017-Spring\u7684\u8fdc\u7a0b\u8c03\u7528.md", "mtime": 1423805067.0, "mode": "file", "name": "0017-Springdiyuanchengtiaoyong.md"}, {"path": "java/0006-Webkuangjia/0001-spring/0018-SpringdiWebfuwu.md", "rname": "0018-Spring\u7684Web\u670d\u52a1.md", "mtime": 1423805067.0, "mode": "file", "name": "0018-SpringdiWebfuwu.md"}, {"path": "java/0006-Webkuangjia/0001-spring/0019-Springdixiaoxi Java Message Service \uff08JMS\uff09.md", "rname": "0019-Spring\u7684\u6d88\u606f Java Message Service \uff08JMS\uff09.md", "mtime": 1423805067.0, "mode": "file", "name": "0019-Springdixiaoxi Java Message Service \uff08JMS\uff09.md"}, {"path": "java/0006-Webkuangjia/0001-spring/0020-AOPmianxiangqiemianbiancheng.md", "rname": "0020-AOP\u9762\u5411\u5207\u9762\u7f16\u7a0b.md", "mtime": 1423805067.0, "mode": "file", "name": "0020-AOPmianxiangqiemianbiancheng.md"}, {"path": "java/0006-Webkuangjia/0001-spring/0021-Springdisanzhongzhurufangshi.md", "rname": "0021-Spring\u7684\u4e09\u79cd\u6ce8\u5165\u65b9\u5f0f.md", "mtime": 1423805067.0, "mode": "file", "name": "0021-Springdisanzhongzhurufangshi.md"}, {"path": "java/0006-Webkuangjia/0001-spring/0022-Springyuanmayuedurumenzhiyin.md", "rname": "0022-Spring\u6e90\u7801\u9605\u8bfb\u5165\u95e8\u6307\u5f15.md", "mtime": 1423805067.0, "mode": "file", "name": "0022-Springyuanmayuedurumenzhiyin.md"}], "rname": "0001-spring", "name": "0001-spring", "mode": "tree", "mtime": 1423918645.0, "path": "java/0006-Webkuangjia/0001-spring"}