{"files": [{"path": "dist/markdown/puzzle/leimiti/0000-miti46\uff1alingrenhunxiaodigouzaoqianli.md", "rname": "0000-\u8c1c\u989846\uff1a\u4ee4\u4eba\u6df7\u6dc6\u7684\u6784\u9020\u5668\u6848\u4f8b.md", "mtime": 1423805067.0, "mode": "file", "name": "0000-miti46\uff1alingrenhunxiaodigouzaoqianli.md"}, {"path": "dist/markdown/puzzle/leimiti/0001-miti47\uff1aaya\uff01wodimaobianchenggouliao.md", "rname": "0001-\u8c1c\u989847\uff1a\u554a\u5440\uff01\u6211\u7684\u732b\u53d8\u6210\u72d7\u4e86.md", "mtime": 1423805067.0, "mode": "file", "name": "0001-miti47\uff1aaya\uff01wodimaobianchenggouliao.md"}, {"path": "dist/markdown/puzzle/leimiti/0002-miti48\uff1awosuodedaodidushijingtaidi.md", "rname": "0002-\u8c1c\u989848\uff1a\u6211\u6240\u5f97\u5230\u7684\u90fd\u662f\u9759\u6001\u7684.md", "mtime": 1423805067.0, "mode": "file", "name": "0002-miti48\uff1awosuodedaodidushijingtaidi.md"}, {"path": "dist/markdown/puzzle/leimiti/0003-miti49\uff1abishengminggengda.md", "rname": "0003-\u8c1c\u989849\uff1a\u6bd4\u751f\u547d\u66f4\u5927.md", "mtime": 1423805067.0, "mode": "file", "name": "0003-miti49\uff1abishengminggengda.md"}, {"path": "dist/markdown/puzzle/leimiti/0004-miti50\uff1abushinidileixing.md", "rname": "0004-\u8c1c\u989850\uff1a\u4e0d\u662f\u4f60\u7684\u7c7b\u578b.md", "mtime": 1423805067.0, "mode": "file", "name": "0004-miti50\uff1abushinidileixing.md"}, {"path": "dist/markdown/puzzle/leimiti/0005-miti51\uff1anagedianshishimo\uff1f.md", "rname": "0005-\u8c1c\u989851\uff1a\u90a3\u4e2a\u70b9\u662f\u4ec0\u4e48\uff1f.md", "mtime": 1423805067.0, "mode": "file", "name": "0005-miti51\uff1anagedianshishimo\uff1f.md"}, {"path": "dist/markdown/puzzle/leimiti/0006-miti52\uff1ahejishudiwanxiao.md", "rname": "0006-\u8c1c\u989852\uff1a\u5408\u8ba1\u6570\u7684\u73a9\u7b11.md", "mtime": 1423805067.0, "mode": "file", "name": "0006-miti52\uff1ahejishudiwanxiao.md"}, {"path": "dist/markdown/puzzle/leimiti/0007-miti53\uff1aannidiyiyuanhangshi.md", "rname": "0007-\u8c1c\u989853\uff1a\u6309\u4f60\u7684\u610f\u613f\u884c\u4e8b.md", "mtime": 1423805067.0, "mode": "file", "name": "0007-miti53\uff1aannidiyiyuanhangshi.md"}, {"path": "dist/markdown/puzzle/leimiti/0008-miti54\uff1aNullyuVoid.md", "rname": "0008-\u8c1c\u989854\uff1aNull\u4e0eVoid.md", "mtime": 1423805067.0, "mode": "file", "name": "0008-miti54\uff1aNullyuVoid.md"}, {"path": "dist/markdown/puzzle/leimiti/0009-miti55\uff1atechuanglun.md", "rname": "0009-\u8c1c\u989855\uff1a\u7279\u521b\u8bba.md", "mtime": 1423805067.0, "mode": "file", "name": "0009-miti55\uff1atechuanglun.md"}], "rname": "\u7c7b\u8c1c\u9898", "name": "leimiti", "mode": "tree", "mtime": 1423918645.0, "path": "dist/markdown/puzzle/leimiti"}