{"files": [{"path": "markdown/basic/IO\u6d41/0000-\u6d41\u7684\u6982\u5ff5\u53ca\u57fa\u672c\u5206\u7c7b .md", "mtime": 1423299926.0, "mode": "file", "name": "0000-\u6d41\u7684\u6982\u5ff5\u53ca\u57fa\u672c\u5206\u7c7b .md"}, {"path": "markdown/basic/IO\u6d41/0001-\u5e38\u7528\u6d41.md", "mtime": 1423299926.0, "mode": "file", "name": "0001-\u5e38\u7528\u6d41.md"}, {"path": "markdown/basic/IO\u6d41/0002-File\u7c7b\u57fa\u672c\u7528\u6cd5.md", "mtime": 1423299926.0, "mode": "file", "name": "0002-File\u7c7b\u57fa\u672c\u7528\u6cd5.md"}, {"path": "markdown/basic/IO\u6d41/0003-\u5b57\u8282\u6d41\u4f8b\u5b50.md", "mtime": 1423299926.0, "mode": "file", "name": "0003-\u5b57\u8282\u6d41\u4f8b\u5b50.md"}], "path": "markdown/basic/IO\u6d41", "mtime": 1423300260.0, "mode": "tree", "name": "IO\u6d41"}