{"files": [{"path": "java/0004-shujuku/0005-hanshu/0000-shujuzhunbei.md", "rname": "0000-\u6570\u636e\u51c6\u5907.md", "mtime": 1423805067.0, "mode": "file", "name": "0000-shujuzhunbei.md"}, {"path": "java/0004-shujuku/0005-hanshu/0001-shuxuehanshu.md", "rname": "0001-\u6570\u5b66\u51fd\u6570.md", "mtime": 1423805067.0, "mode": "file", "name": "0001-shuxuehanshu.md"}, {"path": "java/0004-shujuku/0005-hanshu/0002-zifuchuanhanshu.md", "rname": "0002-\u5b57\u7b26\u4e32\u51fd\u6570.md", "mtime": 1423805067.0, "mode": "file", "name": "0002-zifuchuanhanshu.md"}, {"path": "java/0004-shujuku/0005-hanshu/0003-riqishijianhanshu.md", "rname": "0003-\u65e5\u671f\u65f6\u95f4\u51fd\u6570.md", "mtime": 1423805067.0, "mode": "file", "name": "0003-riqishijianhanshu.md"}, {"path": "java/0004-shujuku/0005-hanshu/0004-qitahanshu.md", "rname": "0004-\u5176\u4ed6\u51fd\u6570.md", "mtime": 1423805067.0, "mode": "file", "name": "0004-qitahanshu.md"}, {"path": "java/0004-shujuku/0005-hanshu/0005-geshujukuxitongduyouhanshu.md", "rname": "0005-\u5404\u6570\u636e\u5e93\u7cfb\u7edf\u72ec\u6709\u51fd\u6570.md", "mtime": 1423805067.0, "mode": "file", "name": "0005-geshujukuxitongduyouhanshu.md"}], "rname": "0005-\u51fd\u6570", "name": "0005-hanshu", "mode": "tree", "mtime": 1423918645.0, "path": "java/0004-shujuku/0005-hanshu"}