{"files": [{"path": "java/0008-Javamiti/0006-kumiti/0000-miti56 dawenti.md", "rname": "0000-\u8c1c\u989856 \u5927\u95ee\u9898.md", "mtime": 1423805067.0, "mode": "file", "name": "0000-miti56 dawenti.md"}, {"path": "java/0008-Javamiti/0006-kumiti/0001-miti57 mingziliyoushimo?.md", "rname": "0001-\u8c1c\u989857 \u540d\u5b57\u91cc\u6709\u4ec0\u4e48?.md", "mtime": 1423805067.0, "mode": "file", "name": "0001-miti57 mingziliyoushimo?.md"}, {"path": "java/0008-Javamiti/0006-kumiti/0002-miti58 chanshengtadisanliema.md", "rname": "0002-\u8c1c\u989858 \u4ea7\u751f\u5b83\u7684\u6563\u5217\u7801.md", "mtime": 1423805067.0, "mode": "file", "name": "0002-miti58 chanshengtadisanliema.md"}, {"path": "java/0008-Javamiti/0006-kumiti/0003-miti59 shimoshicha?.md", "rname": "0003-\u8c1c\u989859 \u4ec0\u4e48\u662f\u5dee?.md", "mtime": 1423805067.0, "mode": "file", "name": "0003-miti59 shimoshicha?.md"}, {"path": "java/0008-Javamiti/0006-kumiti/0004-miti60 yihangdifangfa.md", "rname": "0004-\u8c1c\u989860 \u4e00\u884c\u7684\u65b9\u6cd5.md", "mtime": 1423805067.0, "mode": "file", "name": "0004-miti60 yihangdifangfa.md"}, {"path": "java/0008-Javamiti/0006-kumiti/0005-miti61 riqiyouxi.md", "rname": "0005-\u8c1c\u989861 \u65e5\u671f\u6e38\u620f.md", "mtime": 1423805067.0, "mode": "file", "name": "0005-miti61 riqiyouxi.md"}, {"path": "java/0008-Javamiti/0006-kumiti/0006-miti62 mingziyouxi.md", "rname": "0006-\u8c1c\u989862 \u540d\u5b57\u6e38\u620f.md", "mtime": 1423805067.0, "mode": "file", "name": "0006-miti62 mingziyouxi.md"}, {"path": "java/0008-Javamiti/0006-kumiti/0007-miti63 gengduotongyangdiwenti.md", "rname": "0007-\u8c1c\u989863 \u66f4\u591a\u540c\u6837\u7684\u95ee\u9898.md", "mtime": 1423805067.0, "mode": "file", "name": "0007-miti63 gengduotongyangdiwenti.md"}, {"path": "java/0008-Javamiti/0006-kumiti/0008-miti64 anyushubianzu.md", "rname": "0008-\u8c1c\u989864 \u6309\u4f59\u6570\u7f16\u7ec4.md", "mtime": 1423805067.0, "mode": "file", "name": "0008-miti64 anyushubianzu.md"}, {"path": "java/0008-Javamiti/0006-kumiti/0009-miti65 yizhongyisipaixudijingrenchuanqi.md", "rname": "0009-\u8c1c\u989865 \u4e00\u79cd\u7591\u4f3c\u6392\u5e8f\u7684\u60ca\u4eba\u4f20\u5947.md", "mtime": 1423805067.0, "mode": "file", "name": "0009-miti65 yizhongyisipaixudijingrenchuanqi.md"}], "rname": "0006-\u5e93\u8c1c\u9898", "name": "0006-kumiti", "mode": "tree", "mtime": 1424800905.0, "path": "java/0008-Javamiti/0006-kumiti"}