{"files": [{"path": "markdown/basic/Java\u57fa\u7840/0000-Java\u7b80\u4ecb\u53ca\u5f00\u53d1\u73af\u5883\u914d\u7f6e.md", "mtime": 1423299926.0, "mode": "file", "name": "0000-Java\u7b80\u4ecb\u53ca\u5f00\u53d1\u73af\u5883\u914d\u7f6e.md"}, {"path": "markdown/basic/Java\u57fa\u7840/0001-\u4e00\u4e2a\u5b8c\u6574\u7684Java\u7a0b\u5e8f\u793a\u4f8b.md", "mtime": 1423299926.0, "mode": "file", "name": "0001-\u4e00\u4e2a\u5b8c\u6574\u7684Java\u7a0b\u5e8f\u793a\u4f8b.md"}, {"path": "markdown/basic/Java\u57fa\u7840/0002-\u9762\u5411\u5bf9\u8c61\u7684\u7279\u5f81\u6709\u54ea\u4e9b\u65b9\u9762\uff1f.md", "mtime": 1423299926.0, "mode": "file", "name": "0002-\u9762\u5411\u5bf9\u8c61\u7684\u7279\u5f81\u6709\u54ea\u4e9b\u65b9\u9762\uff1f.md"}, {"path": "markdown/basic/Java\u57fa\u7840/0003-Java\u7684\u6570\u636e\u7c7b\u578b.md", "mtime": 1423299926.0, "mode": "file", "name": "0003-Java\u7684\u6570\u636e\u7c7b\u578b.md"}, {"path": "markdown/basic/Java\u57fa\u7840/0004-Java\u6ce8\u91ca.md", "mtime": 1423299926.0, "mode": "file", "name": "0004-Java\u6ce8\u91ca.md"}, {"path": "markdown/basic/Java\u57fa\u7840/0005-\u6807\u8bc6\u7b26\u53ca\u5173\u952e\u5b57.md", "mtime": 1423299926.0, "mode": "file", "name": "0005-\u6807\u8bc6\u7b26\u53ca\u5173\u952e\u5b57.md"}, {"path": "markdown/basic/Java\u57fa\u7840/0006-Java\u7684\u8fd0\u7b97\u7b26.md", "mtime": 1423299926.0, "mode": "file", "name": "0006-Java\u7684\u8fd0\u7b97\u7b26.md"}, {"path": "markdown/basic/Java\u57fa\u7840/0007-Java\u5185\u5b58\u7a7a\u95f4\u7684\u5206\u914d\u53ca\u56de\u6536.md", "mtime": 1423299926.0, "mode": "file", "name": "0007-Java\u5185\u5b58\u7a7a\u95f4\u7684\u5206\u914d\u53ca\u56de\u6536.md"}, {"path": "markdown/basic/Java\u57fa\u7840/0008-\u5c40\u90e8\u53d8\u91cf\uff0c\u5b9e\u4f8b\u53d8\u91cf\uff0c\u9759\u6001\u53d8\u91cf.md", "mtime": 1423299926.0, "mode": "file", "name": "0008-\u5c40\u90e8\u53d8\u91cf\uff0c\u5b9e\u4f8b\u53d8\u91cf\uff0c\u9759\u6001\u53d8\u91cf.md"}, {"path": "markdown/basic/Java\u57fa\u7840/0009-\u5305\u4e0e\u5bfc\u5165\u8bed\u53e5\u5256\u6790.md", "mtime": 1423299926.0, "mode": "file", "name": "0009-\u5305\u4e0e\u5bfc\u5165\u8bed\u53e5\u5256\u6790.md"}, {"path": "markdown/basic/Java\u57fa\u7840/0010-\u6570\u7ec4.md", "mtime": 1423299926.0, "mode": "file", "name": "0010-\u6570\u7ec4.md"}, {"path": "markdown/basic/Java\u57fa\u7840/0011-\u7c7b\u548c\u5bf9\u8c61.md", "mtime": 1423299926.0, "mode": "file", "name": "0011-\u7c7b\u548c\u5bf9\u8c61.md"}, {"path": "markdown/basic/Java\u57fa\u7840/0012-Java\u5e8f\u5217\u5316.md", "mtime": 1423299926.0, "mode": "file", "name": "0012-Java\u5e8f\u5217\u5316.md"}, {"path": "markdown/basic/Java\u57fa\u7840/0013-static\u4fee\u9970\u7b26.md", "mtime": 1423299926.0, "mode": "file", "name": "0013-static\u4fee\u9970\u7b26.md"}, {"path": "markdown/basic/Java\u57fa\u7840/0014-final\u4fee\u9970\u7b26.md", "mtime": 1423299926.0, "mode": "file", "name": "0014-final\u4fee\u9970\u7b26.md"}, {"path": "markdown/basic/Java\u57fa\u7840/0015-Java\u4e2d\u7684\u8bbf\u95ee\u6743\u9650\u63a7\u5236.md", "mtime": 1423299926.0, "mode": "file", "name": "0015-Java\u4e2d\u7684\u8bbf\u95ee\u6743\u9650\u63a7\u5236.md"}, {"path": "markdown/basic/Java\u57fa\u7840/0016-abstract\u4fee\u9970\u7b26.md", "mtime": 1423299926.0, "mode": "file", "name": "0016-abstract\u4fee\u9970\u7b26.md"}, {"path": "markdown/basic/Java\u57fa\u7840/0017-\u63a5\u53e3(interface).md", "mtime": 1423299926.0, "mode": "file", "name": "0017-\u63a5\u53e3(interface).md"}, {"path": "markdown/basic/Java\u57fa\u7840/0018-Java\u5305\u88c5\u7c7b\u53ca\u5176\u62c6\u7bb1\u88c5\u7bb1.md", "mtime": 1423299926.0, "mode": "file", "name": "0018-Java\u5305\u88c5\u7c7b\u53ca\u5176\u62c6\u7bb1\u88c5\u7bb1.md"}, {"path": "markdown/basic/Java\u57fa\u7840/0019-Object\u7c7b\u6d45\u6790.md", "mtime": 1423299926.0, "mode": "file", "name": "0019-Object\u7c7b\u6d45\u6790.md"}, {"path": "markdown/basic/Java\u57fa\u7840/0020-String\u3001StringBuffer\u548cStringBulder.md", "mtime": 1423299926.0, "mode": "file", "name": "0020-String\u3001StringBuffer\u548cStringBulder.md"}, {"path": "markdown/basic/Java\u57fa\u7840/0021-\u5185\u90e8\u7c7b.md", "mtime": 1423299926.0, "mode": "file", "name": "0021-\u5185\u90e8\u7c7b.md"}, {"path": "markdown/basic/Java\u57fa\u7840/0022-\u5f02\u5e38\u53ca\u5904\u7406.md", "mtime": 1423299926.0, "mode": "file", "name": "0022-\u5f02\u5e38\u53ca\u5904\u7406.md"}, {"path": "markdown/basic/Java\u57fa\u7840/0023-\u65ad\u8a00(assert).md", "mtime": 1423299926.0, "mode": "file", "name": "0023-\u65ad\u8a00(assert).md"}, {"path": "markdown/basic/Java\u57fa\u7840/0024-\u201c==\u201d\u548cequals\u65b9\u6cd5\u7a76\u7adf\u6709\u4ec0\u4e48\u533a\u522b\uff1f.md", "mtime": 1423299926.0, "mode": "file", "name": "0024-\u201c==\u201d\u548cequals\u65b9\u6cd5\u7a76\u7adf\u6709\u4ec0\u4e48\u533a\u522b\uff1f.md"}, {"path": "markdown/basic/Java\u57fa\u7840/0025-Overload\u548cOverride\u7684\u533a\u522b\u3002Overloaded\u7684\u65b9\u6cd5\u662f\u5426\u53ef\u4ee5\u6539\u53d8\u8fd4\u56de\u503c\u7684\u7c7b\u578b\uff1f.md", "mtime": 1423299926.0, "mode": "file", "name": "0025-Overload\u548cOverride\u7684\u533a\u522b\u3002Overloaded\u7684\u65b9\u6cd5\u662f\u5426\u53ef\u4ee5\u6539\u53d8\u8fd4\u56de\u503c\u7684\u7c7b\u578b\uff1f.md"}, {"path": "markdown/basic/Java\u57fa\u7840/0026-abstract class\u548cinterface\u6709\u4ec0\u4e48\u533a\u522b\uff1f.md", "mtime": 1423299926.0, "mode": "file", "name": "0026-abstract class\u548cinterface\u6709\u4ec0\u4e48\u533a\u522b\uff1f.md"}, {"path": "markdown/basic/Java\u57fa\u7840/0027-class.forName\u7684\u4f5c\u7528\uff1f.md", "mtime": 1423299926.0, "mode": "file", "name": "0027-class.forName\u7684\u4f5c\u7528\uff1f.md"}, {"path": "markdown/basic/Java\u57fa\u7840/0028-ClassLoader\u5982\u4f55\u52a0\u8f7dclass\uff1f.md", "mtime": 1423299926.0, "mode": "file", "name": "0028-ClassLoader\u5982\u4f55\u52a0\u8f7dclass\uff1f.md"}, {"path": "markdown/basic/Java\u57fa\u7840/0029-hashCode\u65b9\u6cd5\u7684\u4f5c\u7528\uff1f.md", "mtime": 1423299926.0, "mode": "file", "name": "0029-hashCode\u65b9\u6cd5\u7684\u4f5c\u7528\uff1f.md"}, {"path": "markdown/basic/Java\u57fa\u7840/0030-\u662f\u5426\u53ef\u4ece\u4e00\u4e2astatic\u65b9\u6cd5\u5185\u53d1\u51fa\u5bf9\u975estatic\u65b9\u6cd5\u7684\u8c03\u7528\uff1f.md", "mtime": 1423299926.0, "mode": "file", "name": "0030-\u662f\u5426\u53ef\u4ece\u4e00\u4e2astatic\u65b9\u6cd5\u5185\u53d1\u51fa\u5bf9\u975estatic\u65b9\u6cd5\u7684\u8c03\u7528\uff1f.md"}], "path": "markdown/basic/Java\u57fa\u7840", "mtime": 1423300260.0, "mode": "tree", "name": "Java\u57fa\u7840"}