{"files": [{"path": "dist/markdown/framework/hibernate", "rname": "hibernate", "mtime": 1423918645.0, "mode": "tree", "name": "hibernate"}, {"path": "dist/markdown/framework/spring", "rname": "spring", "mtime": 1423918645.0, "mode": "tree", "name": "spring"}, {"path": "dist/markdown/framework/struts2", "rname": "struts2", "mtime": 1423918645.0, "mode": "tree", "name": "struts2"}], "rname": "framework", "name": "framework", "mode": "tree", "mtime": 1423918645.0, "path": "dist/markdown/framework"}