{"files": [{"path": "markdown/advance/Java\u591a\u7ebf\u7a0b/0000-\u7ebf\u7a0b\u7b80\u4ecb.md", "mtime": 1423299926.0, "mode": "file", "name": "0000-\u7ebf\u7a0b\u7b80\u4ecb.md"}, {"path": "markdown/advance/Java\u591a\u7ebf\u7a0b/0001-\u7528Thread\u7c7b\u521b\u5efa\u7ebf\u7a0b.md", "mtime": 1423299926.0, "mode": "file", "name": "0001-\u7528Thread\u7c7b\u521b\u5efa\u7ebf\u7a0b.md"}, {"path": "markdown/advance/Java\u591a\u7ebf\u7a0b/0002-\u4f7f\u7528Runnable\u63a5\u53e3\u521b\u5efa\u7ebf\u7a0b.md", "mtime": 1423299926.0, "mode": "file", "name": "0002-\u4f7f\u7528Runnable\u63a5\u53e3\u521b\u5efa\u7ebf\u7a0b.md"}, {"path": "markdown/advance/Java\u591a\u7ebf\u7a0b/0003-\u7ebf\u7a0b\u7684\u751f\u547d\u5468\u671f.md", "mtime": 1423299926.0, "mode": "file", "name": "0003-\u7ebf\u7a0b\u7684\u751f\u547d\u5468\u671f.md"}, {"path": "markdown/advance/Java\u591a\u7ebf\u7a0b/0004-join\u65b9\u6cd5\u7684\u4f7f\u7528.md", "mtime": 1423299926.0, "mode": "file", "name": "0004-join\u65b9\u6cd5\u7684\u4f7f\u7528.md"}, {"path": "markdown/advance/Java\u591a\u7ebf\u7a0b/0005-\u4f7f\u7528Synchronized\u5757\u540c\u6b65\u53d8\u91cf.md", "mtime": 1423299926.0, "mode": "file", "name": "0005-\u4f7f\u7528Synchronized\u5757\u540c\u6b65\u53d8\u91cf.md"}, {"path": "markdown/advance/Java\u591a\u7ebf\u7a0b/0006-\u4f7f\u7528Synchronized\u5173\u952e\u5b57\u540c\u6b65\u7c7b\u65b9\u6cd5.md", "mtime": 1423299926.0, "mode": "file", "name": "0006-\u4f7f\u7528Synchronized\u5173\u952e\u5b57\u540c\u6b65\u7c7b\u65b9\u6cd5.md"}, {"path": "markdown/advance/Java\u591a\u7ebf\u7a0b/0007-\u4f7f\u7528Synchronized\u5757\u540c\u6b65\u65b9\u6cd5.md", "mtime": 1423299926.0, "mode": "file", "name": "0007-\u4f7f\u7528Synchronized\u5757\u540c\u6b65\u65b9\u6cd5.md"}, {"path": "markdown/advance/Java\u591a\u7ebf\u7a0b/0008-\u4ece\u7ebf\u7a0b\u8fd4\u56de\u6570\u636e\u7684\u4e24\u79cd\u65b9\u6cd5.md", "mtime": 1423299926.0, "mode": "file", "name": "0008-\u4ece\u7ebf\u7a0b\u8fd4\u56de\u6570\u636e\u7684\u4e24\u79cd\u65b9\u6cd5.md"}, {"path": "markdown/advance/Java\u591a\u7ebf\u7a0b/0009-\u5411\u7ebf\u7a0b\u4f20\u9012\u6570\u636e\u7684\u4e09\u79cd\u65b9\u6cd5.md", "mtime": 1423299926.0, "mode": "file", "name": "0009-\u5411\u7ebf\u7a0b\u4f20\u9012\u6570\u636e\u7684\u4e09\u79cd\u65b9\u6cd5.md"}, {"path": "markdown/advance/Java\u591a\u7ebf\u7a0b/0010-\u614e\u91cd\u4f7f\u7528volatile\u5173\u952e\u5b57.md", "mtime": 1423299926.0, "mode": "file", "name": "0010-\u614e\u91cd\u4f7f\u7528volatile\u5173\u952e\u5b57.md"}], "path": "markdown/advance/Java\u591a\u7ebf\u7a0b", "mtime": 1423300260.0, "mode": "tree", "name": "Java\u591a\u7ebf\u7a0b"}