{"files": [{"path": "markdown/database/\u7d22\u5f15\u4e0e\u7ea6\u675f/0000-\u7d22\u5f15.md", "mtime": 1423299926.0, "mode": "file", "name": "0000-\u7d22\u5f15.md"}, {"path": "markdown/database/\u7d22\u5f15\u4e0e\u7ea6\u675f/0001-\u7ea6\u675f.md", "mtime": 1423299926.0, "mode": "file", "name": "0001-\u7ea6\u675f.md"}, {"path": "markdown/database/\u7d22\u5f15\u4e0e\u7ea6\u675f/0002-\u975e\u7a7a\u7ea6\u675f.md", "mtime": 1423299926.0, "mode": "file", "name": "0002-\u975e\u7a7a\u7ea6\u675f.md"}, {"path": "markdown/database/\u7d22\u5f15\u4e0e\u7ea6\u675f/0003-\u552f\u4e00\u7ea6\u675f.md", "mtime": 1423299926.0, "mode": "file", "name": "0003-\u552f\u4e00\u7ea6\u675f.md"}, {"path": "markdown/database/\u7d22\u5f15\u4e0e\u7ea6\u675f/0004-CHECK\u7ea6\u675f.md", "mtime": 1423299926.0, "mode": "file", "name": "0004-CHECK\u7ea6\u675f.md"}, {"path": "markdown/database/\u7d22\u5f15\u4e0e\u7ea6\u675f/0005-\u4e3b\u952e\u7ea6\u675f.md", "mtime": 1423299926.0, "mode": "file", "name": "0005-\u4e3b\u952e\u7ea6\u675f.md"}, {"path": "markdown/database/\u7d22\u5f15\u4e0e\u7ea6\u675f/0006-\u5916\u952e\u7ea6\u675f.md", "mtime": 1423299926.0, "mode": "file", "name": "0006-\u5916\u952e\u7ea6\u675f.md"}], "path": "markdown/database/\u7d22\u5f15\u4e0e\u7ea6\u675f", "mtime": 1423300260.0, "mode": "tree", "name": "\u7d22\u5f15\u4e0e\u7ea6\u675f"}