{"files": [{"path": "java/framework/struts2/0000-struts2he1diqubie.md", "rname": "0000-struts2\u548c1\u7684\u533a\u522b.md", "mtime": 1423805067.0, "mode": "file", "name": "0000-struts2he1diqubie.md"}, {"path": "java/framework/struts2/0001-struts2kuangjiadidazhichuliliucheng.md", "rname": "0001-struts2\u6846\u67b6\u7684\u5927\u81f4\u5904\u7406\u6d41\u7a0b.md", "mtime": 1423805067.0, "mode": "file", "name": "0001-struts2kuangjiadidazhichuliliucheng.md"}, {"path": "java/framework/struts2/0002-struts.xmldipeizhi.md", "rname": "0002-struts.xml\u7684\u914d\u7f6e.md", "mtime": 1423805067.0, "mode": "file", "name": "0002-struts.xmldipeizhi.md"}, {"path": "java/framework/struts2/0003-struts2diactionbianxie.md", "rname": "0003-struts2\u7684action\u7f16\u5199.md", "mtime": 1423805067.0, "mode": "file", "name": "0003-struts2diactionbianxie.md"}, {"path": "java/framework/struts2/0004-lanjieqidibianxie.md", "rname": "0004-\u62e6\u622a\u5668\u7684\u7f16\u5199.md", "mtime": 1423805067.0, "mode": "file", "name": "0004-lanjieqidibianxie.md"}], "rname": "struts2", "name": "struts2", "mode": "tree", "mtime": 1423918645.0, "path": "java/framework/struts2"}