{"files": [{"path": "markdown/arithmetic/\u6392\u5e8f\u7b97\u6cd5/0000-\u6982\u8ff0.md", "mtime": 1423299926.0, "mode": "file", "name": "0000-\u6982\u8ff0.md"}, {"path": "markdown/arithmetic/\u6392\u5e8f\u7b97\u6cd5/0001-\u63d2\u5165\u6392\u5e8f.md", "mtime": 1423299926.0, "mode": "file", "name": "0001-\u63d2\u5165\u6392\u5e8f.md"}, {"path": "markdown/arithmetic/\u6392\u5e8f\u7b97\u6cd5/0002-\u4ea4\u6362\u6392\u5e8f.md", "mtime": 1423299926.0, "mode": "file", "name": "0002-\u4ea4\u6362\u6392\u5e8f.md"}, {"path": "markdown/arithmetic/\u6392\u5e8f\u7b97\u6cd5/0003-\u9009\u62e9\u6392\u5e8f.md", "mtime": 1423299926.0, "mode": "file", "name": "0003-\u9009\u62e9\u6392\u5e8f.md"}, {"path": "markdown/arithmetic/\u6392\u5e8f\u7b97\u6cd5/0004-\u5f52\u5e76\u6392\u5e8f.md", "mtime": 1423299926.0, "mode": "file", "name": "0004-\u5f52\u5e76\u6392\u5e8f.md"}, {"path": "markdown/arithmetic/\u6392\u5e8f\u7b97\u6cd5/0005-\u57fa\u6570\u6392\u5e8f.md", "mtime": 1423299926.0, "mode": "file", "name": "0005-\u57fa\u6570\u6392\u5e8f.md"}], "path": "markdown/arithmetic/\u6392\u5e8f\u7b97\u6cd5", "mtime": 1423300260.0, "mode": "tree", "name": "\u6392\u5e8f\u7b97\u6cd5"}