{"files": [{"path": "java/advance/Javajihekuangjia/0000-ArrayListdishixianyuanli.md", "rname": "0000-ArrayList\u7684\u5b9e\u73b0\u539f\u7406.md", "mtime": 1423805067.0, "mode": "file", "name": "0000-ArrayListdishixianyuanli.md"}, {"path": "java/advance/Javajihekuangjia/0001-HashMapdishixianyuanli.md", "rname": "0001-HashMap\u7684\u5b9e\u73b0\u539f\u7406.md", "mtime": 1423805067.0, "mode": "file", "name": "0001-HashMapdishixianyuanli.md"}, {"path": "java/advance/Javajihekuangjia/0002-HashSetdishixianyuanli.md", "rname": "0002-HashSet\u7684\u5b9e\u73b0\u539f\u7406.md", "mtime": 1423805067.0, "mode": "file", "name": "0002-HashSetdishixianyuanli.md"}, {"path": "java/advance/Javajihekuangjia/0003-LinkedHashMapdishixianyuanli.md", "rname": "0003-LinkedHashMap\u7684\u5b9e\u73b0\u539f\u7406.md", "mtime": 1423805067.0, "mode": "file", "name": "0003-LinkedHashMapdishixianyuanli.md"}, {"path": "java/advance/Javajihekuangjia/0004-JavajihediStack\u3001Queue\u3001Mapdibianli.md", "rname": "0004-Java\u96c6\u5408\u7684Stack\u3001Queue\u3001Map\u7684\u904d\u5386.md", "mtime": 1423805067.0, "mode": "file", "name": "0004-JavajihediStack\u3001Queue\u3001Mapdibianli.md"}, {"path": "java/advance/Javajihekuangjia/0005-Java HashMap fenxisipianlianzai.md", "rname": "0005-Java HashMap \u5206\u6790\u56db\u7bc7\u8fde\u8f7d.md", "mtime": 1423805067.0, "mode": "file", "name": "0005-Java HashMap fenxisipianlianzai.md"}, {"path": "java/advance/Javajihekuangjia/0006-javajihekuangjiazongjie.md", "rname": "0006-java\u96c6\u5408\u6846\u67b6\u603b\u7ed3.md", "mtime": 1423805067.0, "mode": "file", "name": "0006-javajihekuangjiazongjie.md"}], "rname": "Java\u96c6\u5408\u6846\u67b6", "name": "Javajihekuangjia", "mode": "tree", "mtime": 1423918645.0, "path": "java/advance/Javajihekuangjia"}