{"files": [{"path": "dist/markdown/database/suoyinyuyueshu/0000-suoyin.md", "rname": "0000-\u7d22\u5f15.md", "mtime": 1423805067.0, "mode": "file", "name": "0000-suoyin.md"}, {"path": "dist/markdown/database/suoyinyuyueshu/0001-yueshu.md", "rname": "0001-\u7ea6\u675f.md", "mtime": 1423805067.0, "mode": "file", "name": "0001-yueshu.md"}, {"path": "dist/markdown/database/suoyinyuyueshu/0002-feikongyueshu.md", "rname": "0002-\u975e\u7a7a\u7ea6\u675f.md", "mtime": 1423805067.0, "mode": "file", "name": "0002-feikongyueshu.md"}, {"path": "dist/markdown/database/suoyinyuyueshu/0003-weiyiyueshu.md", "rname": "0003-\u552f\u4e00\u7ea6\u675f.md", "mtime": 1423805067.0, "mode": "file", "name": "0003-weiyiyueshu.md"}, {"path": "dist/markdown/database/suoyinyuyueshu/0004-CHECKyueshu.md", "rname": "0004-CHECK\u7ea6\u675f.md", "mtime": 1423805067.0, "mode": "file", "name": "0004-CHECKyueshu.md"}, {"path": "dist/markdown/database/suoyinyuyueshu/0005-zhujianyueshu.md", "rname": "0005-\u4e3b\u952e\u7ea6\u675f.md", "mtime": 1423805067.0, "mode": "file", "name": "0005-zhujianyueshu.md"}, {"path": "dist/markdown/database/suoyinyuyueshu/0006-waijianyueshu.md", "rname": "0006-\u5916\u952e\u7ea6\u675f.md", "mtime": 1423805067.0, "mode": "file", "name": "0006-waijianyueshu.md"}], "rname": "\u7d22\u5f15\u4e0e\u7ea6\u675f", "name": "suoyinyuyueshu", "mode": "tree", "mtime": 1423918645.0, "path": "dist/markdown/database/suoyinyuyueshu"}