{"files": [{"path": "java/basic/duoxiancheng/0000-jinchengyuxiancheng.md", "rname": "0000-\u8fdb\u7a0b\u4e0e\u7ebf\u7a0b.md", "mtime": 1423805067.0, "mode": "file", "name": "0000-jinchengyuxiancheng.md"}, {"path": "java/basic/duoxiancheng/0001-xianchengbianchengdiliangzhongfangfa.md", "rname": "0001-\u7ebf\u7a0b\u7f16\u7a0b\u7684\u4e24\u79cd\u65b9\u6cd5.md", "mtime": 1423805067.0, "mode": "file", "name": "0001-xianchengbianchengdiliangzhongfangfa.md"}, {"path": "java/basic/duoxiancheng/0002-Threadzhongdiyixiefangfa.md", "rname": "0002-Thread\u4e2d\u7684\u4e00\u4e9b\u65b9\u6cd5.md", "mtime": 1423805067.0, "mode": "file", "name": "0002-Threadzhongdiyixiefangfa.md"}, {"path": "java/basic/duoxiancheng/0003-xianchengdishengmingzhouqi.md", "rname": "0003-\u7ebf\u7a0b\u7684\u751f\u547d\u5468\u671f.md", "mtime": 1423805067.0, "mode": "file", "name": "0003-xianchengdishengmingzhouqi.md"}, {"path": "java/basic/duoxiancheng/0004-duoxianchengditongbu.md", "rname": "0004-\u591a\u7ebf\u7a0b\u7684\u540c\u6b65.md", "mtime": 1423805067.0, "mode": "file", "name": "0004-duoxianchengditongbu.md"}, {"path": "java/basic/duoxiancheng/0005-sleep() he wait() youshimoqubie\uff1f.md", "rname": "0005-sleep() \u548c wait() \u6709\u4ec0\u4e48\u533a\u522b\uff1f.md", "mtime": 1423805067.0, "mode": "file", "name": "0005-sleep() he wait() youshimoqubie\uff1f.md"}, {"path": "java/basic/duoxiancheng/0006-dangyigexianchengjinruyigeduixiangdiyigesynchronizedfangfahou\uff0cqitaxianchengshifoukejinruciduixiangqitafangfa\uff1f .md", "rname": "0006-\u5f53\u4e00\u4e2a\u7ebf\u7a0b\u8fdb\u5165\u4e00\u4e2a\u5bf9\u8c61\u7684\u4e00\u4e2asynchronized\u65b9\u6cd5\u540e\uff0c\u5176\u5b83\u7ebf\u7a0b\u662f\u5426\u53ef\u8fdb\u5165\u6b64\u5bf9\u8c61\u5176\u5b83\u65b9\u6cd5\uff1f .md", "mtime": 1423805067.0, "mode": "file", "name": "0006-dangyigexianchengjinruyigeduixiangdiyigesynchronizedfangfahou\uff0cqitaxianchengshifoukejinruciduixiangqitafangfa\uff1f .md"}, {"path": "java/basic/duoxiancheng/0007-jianshusynchronizedhejava.util.concurrent.locks.Lockdiyitong\uff1f.md", "rname": "0007-\u7b80\u8ff0synchronized\u548cjava.util.concurrent.locks.Lock\u7684\u5f02\u540c\uff1f.md", "mtime": 1423805067.0, "mode": "file", "name": "0007-jianshusynchronizedhejava.util.concurrent.locks.Lockdiyitong\uff1f.md"}], "rname": "\u591a\u7ebf\u7a0b", "name": "duoxiancheng", "mode": "tree", "mtime": 1423918645.0, "path": "java/basic/duoxiancheng"}