{"files": [{"path": "java/basic/fanshe/0000-fanshejianjie.md", "rname": "0000-\u53cd\u5c04\u7b80\u4ecb.md", "mtime": 1423805067.0, "mode": "file", "name": "0000-fanshejianjie.md"}, {"path": "java/basic/fanshe/0001-yigejiandandilizi.md", "rname": "0001-\u4e00\u4e2a\u7b80\u5355\u7684\u4f8b\u5b50.md", "mtime": 1423805067.0, "mode": "file", "name": "0001-yigejiandandilizi.md"}, {"path": "java/basic/fanshe/0002-kaishishiyongReflection.md", "rname": "0002-\u5f00\u59cb\u4f7f\u7528Reflection.md", "mtime": 1423805067.0, "mode": "file", "name": "0002-kaishishiyongReflection.md"}, {"path": "java/basic/fanshe/0003-zhaochuleidifangfa.md", "rname": "0003-\u627e\u51fa\u7c7b\u7684\u65b9\u6cd5.md", "mtime": 1423805067.0, "mode": "file", "name": "0003-zhaochuleidifangfa.md"}, {"path": "java/basic/fanshe/0004-huoqugouzaoqidixinxi.md", "rname": "0004-\u83b7\u53d6\u6784\u9020\u5668\u7684\u4fe1\u606f.md", "mtime": 1423805067.0, "mode": "file", "name": "0004-huoqugouzaoqidixinxi.md"}, {"path": "java/basic/fanshe/0005-huoquleidiziduan.md", "rname": "0005-\u83b7\u53d6\u7c7b\u7684\u5b57\u6bb5.md", "mtime": 1423805067.0, "mode": "file", "name": "0005-huoquleidiziduan.md"}, {"path": "java/basic/fanshe/0006-genjufangfadimingchenglaizhihangfangfa.md", "rname": "0006-\u6839\u636e\u65b9\u6cd5\u7684\u540d\u79f0\u6765\u6267\u884c\u65b9\u6cd5.md", "mtime": 1423805067.0, "mode": "file", "name": "0006-genjufangfadimingchenglaizhihangfangfa.md"}, {"path": "java/basic/fanshe/0007-chuangjianxindiduixiang.md", "rname": "0007-\u521b\u5efa\u65b0\u7684\u5bf9\u8c61.md", "mtime": 1423805067.0, "mode": "file", "name": "0007-chuangjianxindiduixiang.md"}, {"path": "java/basic/fanshe/0008-gaibianziduandizhi.md", "rname": "0008-\u6539\u53d8\u5b57\u6bb5\u7684\u503c.md", "mtime": 1423805067.0, "mode": "file", "name": "0008-gaibianziduandizhi.md"}, {"path": "java/basic/fanshe/0009-shiyongshuzu.md", "rname": "0009-\u4f7f\u7528\u6570\u7ec4.md", "mtime": 1423805067.0, "mode": "file", "name": "0009-shiyongshuzu.md"}, {"path": "java/basic/fanshe/0010-Javazhongshigechangjiandiweiguibianma.md", "rname": "0010-Java\u4e2d\u5341\u4e2a\u5e38\u89c1\u7684\u8fdd\u89c4\u7f16\u7801.md", "mtime": 1423805067.0, "mode": "file", "name": "0010-Javazhongshigechangjiandiweiguibianma.md"}, {"path": "java/basic/fanshe/0011-chuxuezheduyinggaigaodongdiwenti.md", "rname": "0011-\u521d\u5b66\u8005\u90fd\u5e94\u8be5\u641e\u61c2\u7684\u95ee\u9898.md", "mtime": 1423805067.0, "mode": "file", "name": "0011-chuxuezheduyinggaigaodongdiwenti.md"}, {"path": "java/basic/fanshe/0012-liangleichuanshuxieyi\uff1aTCP\uff0cUDP.md", "rname": "0012-\u4e24\u7c7b\u4f20\u8f93\u534f\u8bae\uff1aTCP\uff0cUDP.md", "mtime": 1423805067.0, "mode": "file", "name": "0012-liangleichuanshuxieyi\uff1aTCP\uff0cUDP.md"}, {"path": "java/basic/fanshe/0013-zifuliulizi.md", "rname": "0013-\u5b57\u7b26\u6d41\u4f8b\u5b50.md", "mtime": 1423805067.0, "mode": "file", "name": "0013-zifuliulizi.md"}, {"path": "java/basic/fanshe/0014-OutputStreramWriterheInputStreamReaderlei.md", "rname": "0014-OutputStreramWriter\u548cInputStreamReader\u7c7b.md", "mtime": 1423805067.0, "mode": "file", "name": "0014-OutputStreramWriterheInputStreamReaderlei.md"}, {"path": "java/basic/fanshe/0015-guandaoliu.md", "rname": "0015-\u7ba1\u9053\u6d41.md", "mtime": 1423805067.0, "mode": "file", "name": "0015-guandaoliu.md"}, {"path": "java/basic/fanshe/0016-dayinliu.md", "rname": "0016-\u6253\u5370\u6d41.md", "mtime": 1423805067.0, "mode": "file", "name": "0016-dayinliu.md"}, {"path": "java/basic/fanshe/0017-shurushuchuzhongdingxiang.md", "rname": "0017-\u8f93\u5165\u8f93\u51fa\u91cd\u5b9a\u5411.md", "mtime": 1423805067.0, "mode": "file", "name": "0017-shurushuchuzhongdingxiang.md"}, {"path": "java/basic/fanshe/0018-BufferedReaderdixiaolizi.md", "rname": "0018-BufferedReader\u7684\u5c0f\u4f8b\u5b50.md", "mtime": 1423805067.0, "mode": "file", "name": "0018-BufferedReaderdixiaolizi.md"}, {"path": "java/basic/fanshe/0019-Scannerlei.md", "rname": "0019-Scanner\u7c7b.md", "mtime": 1423805067.0, "mode": "file", "name": "0019-Scannerlei.md"}, {"path": "java/basic/fanshe/0020-shujucaozuoliuDataOutputStream\u3001DataInputStreamlei.md", "rname": "0020-\u6570\u636e\u64cd\u4f5c\u6d41DataOutputStream\u3001DataInputStream\u7c7b.md", "mtime": 1423805067.0, "mode": "file", "name": "0020-shujucaozuoliuDataOutputStream\u3001DataInputStreamlei.md"}, {"path": "java/basic/fanshe/0021-hebingliu SequenceInputStream.md", "rname": "0021-\u5408\u5e76\u6d41 SequenceInputStream.md", "mtime": 1423805067.0, "mode": "file", "name": "0021-hebingliu SequenceInputStream.md"}, {"path": "java/basic/fanshe/0022-wenjianyasuo ZipOutputStreamlei.md", "rname": "0022-\u6587\u4ef6\u538b\u7f29 ZipOutputStream\u7c7b.md", "mtime": 1423805067.0, "mode": "file", "name": "0022-wenjianyasuo ZipOutputStreamlei.md"}, {"path": "java/basic/fanshe/0023-PushBackInputStreamhuituiliu.md", "rname": "0023-PushBackInputStream\u56de\u9000\u6d41.md", "mtime": 1423805067.0, "mode": "file", "name": "0023-PushBackInputStreamhuituiliu.md"}, {"path": "java/basic/fanshe/0024-duixiangdixuliehua.md", "rname": "0024-\u5bf9\u8c61\u7684\u5e8f\u5217\u5316.md", "mtime": 1423805067.0, "mode": "file", "name": "0024-duixiangdixuliehua.md"}, {"path": "java/basic/fanshe/0025-shiyongOutputStreamxiangpingmushangshuchuneirong.md", "rname": "0025-\u4f7f\u7528OutputStream\u5411\u5c4f\u5e55\u4e0a\u8f93\u51fa\u5185\u5bb9.md", "mtime": 1423805067.0, "mode": "file", "name": "0025-shiyongOutputStreamxiangpingmushangshuchuneirong.md"}, {"path": "java/basic/fanshe/0026-NIOjianjie.md", "rname": "0026-NIO\u7b80\u4ecb.md", "mtime": 1423805067.0, "mode": "file", "name": "0026-NIOjianjie.md"}, {"path": "java/basic/fanshe/0027-NIOditongdaohehuanchongqu.md", "rname": "0027-NIO\u7684\u901a\u9053\u548c\u7f13\u51b2\u533a.md", "mtime": 1423805067.0, "mode": "file", "name": "0027-NIOditongdaohehuanchongqu.md"}, {"path": "java/basic/fanshe/0028-NIO zhongdiduhexie.md", "rname": "0028-NIO \u4e2d\u7684\u8bfb\u548c\u5199.md", "mtime": 1423805067.0, "mode": "file", "name": "0028-NIO zhongdiduhexie.md"}, {"path": "java/basic/fanshe/0029-guanchazhemoshishendupouxi.md", "rname": "0029-\u89c2\u5bdf\u8005\u6a21\u5f0f\u6df1\u5ea6\u5256\u6790.md", "mtime": 1423805067.0, "mode": "file", "name": "0029-guanchazhemoshishendupouxi.md"}, {"path": "java/basic/fanshe/0030-wangluoqicengxieyijiqizuoyong.md", "rname": "0030-\u7f51\u7edc\u4e03\u5c42\u534f\u8bae\u53ca\u5176\u4f5c\u7528.md", "mtime": 1423805067.0, "mode": "file", "name": "0030-wangluoqicengxieyijiqizuoyong.md"}, {"path": "java/basic/fanshe/0031-Javachuxuezhedi30gechangjianwenti.md", "rname": "0031-Java\u521d\u5b66\u8005\u768430\u4e2a\u5e38\u89c1\u95ee\u9898.md", "mtime": 1423805067.0, "mode": "file", "name": "0031-Javachuxuezhedi30gechangjianwenti.md"}], "rname": "\u53cd\u5c04", "name": "fanshe", "mode": "tree", "mtime": 1423918645.0, "path": "java/basic/fanshe"}