{"files": [{"path": "markdown/pattern/\u521b\u5efa\u578b\u6a21\u5f0f/0000-23\u79cd\u8bbe\u8ba1\u6a21\u5f0f\uff081\uff09\uff1a\u5355\u4f8b\u6a21\u5f0f.md", "mtime": 1423299926.0, "mode": "file", "name": "0000-23\u79cd\u8bbe\u8ba1\u6a21\u5f0f\uff081\uff09\uff1a\u5355\u4f8b\u6a21\u5f0f.md"}, {"path": "markdown/pattern/\u521b\u5efa\u578b\u6a21\u5f0f/0001-23\u79cd\u8bbe\u8ba1\u6a21\u5f0f\uff082\uff09\uff1a\u5de5\u5382\u65b9\u6cd5\u6a21\u5f0f.md", "mtime": 1423299926.0, "mode": "file", "name": "0001-23\u79cd\u8bbe\u8ba1\u6a21\u5f0f\uff082\uff09\uff1a\u5de5\u5382\u65b9\u6cd5\u6a21\u5f0f.md"}, {"path": "markdown/pattern/\u521b\u5efa\u578b\u6a21\u5f0f/0002-23\u79cd\u8bbe\u8ba1\u6a21\u5f0f\uff083\uff09\uff1a\u62bd\u8c61\u5de5\u5382\u6a21\u5f0f.md", "mtime": 1423299926.0, "mode": "file", "name": "0002-23\u79cd\u8bbe\u8ba1\u6a21\u5f0f\uff083\uff09\uff1a\u62bd\u8c61\u5de5\u5382\u6a21\u5f0f.md"}, {"path": "markdown/pattern/\u521b\u5efa\u578b\u6a21\u5f0f/0003-23\u79cd\u8bbe\u8ba1\u6a21\u5f0f\uff084\uff09\uff1a\u5efa\u9020\u8005\u6a21\u5f0f.md", "mtime": 1423299926.0, "mode": "file", "name": "0003-23\u79cd\u8bbe\u8ba1\u6a21\u5f0f\uff084\uff09\uff1a\u5efa\u9020\u8005\u6a21\u5f0f.md"}, {"path": "markdown/pattern/\u521b\u5efa\u578b\u6a21\u5f0f/0004-23\u79cd\u8bbe\u8ba1\u6a21\u5f0f\uff085\uff09\uff1a\u539f\u578b\u6a21\u5f0f.md", "mtime": 1423299926.0, "mode": "file", "name": "0004-23\u79cd\u8bbe\u8ba1\u6a21\u5f0f\uff085\uff09\uff1a\u539f\u578b\u6a21\u5f0f.md"}, {"path": "markdown/pattern/\u521b\u5efa\u578b\u6a21\u5f0f/0005-\u521b\u5efa\u578b\u6a21\u5f0f\u603b\u7ed3.md", "mtime": 1423299926.0, "mode": "file", "name": "0005-\u521b\u5efa\u578b\u6a21\u5f0f\u603b\u7ed3.md"}], "path": "markdown/pattern/\u521b\u5efa\u578b\u6a21\u5f0f", "mtime": 1423300260.0, "mode": "tree", "name": "\u521b\u5efa\u578b\u6a21\u5f0f"}