{"files": [{"path": "markdown/puzzle/\u5e93\u8c1c\u9898/0000-\u8c1c\u989856\uff1a\u5927\u95ee\u9898.md", "mtime": 1423299926.0, "mode": "file", "name": "0000-\u8c1c\u989856\uff1a\u5927\u95ee\u9898.md"}, {"path": "markdown/puzzle/\u5e93\u8c1c\u9898/0001-\u8c1c\u989857\uff1a\u540d\u5b57\u91cc\u6709\u4ec0\u4e48\uff1f.md", "mtime": 1423299926.0, "mode": "file", "name": "0001-\u8c1c\u989857\uff1a\u540d\u5b57\u91cc\u6709\u4ec0\u4e48\uff1f.md"}, {"path": "markdown/puzzle/\u5e93\u8c1c\u9898/0002-\u8c1c\u989858\uff1a\u4ea7\u751f\u5b83\u7684\u6563\u5217\u7801.md", "mtime": 1423299926.0, "mode": "file", "name": "0002-\u8c1c\u989858\uff1a\u4ea7\u751f\u5b83\u7684\u6563\u5217\u7801.md"}, {"path": "markdown/puzzle/\u5e93\u8c1c\u9898/0003-\u8c1c\u989859\uff1a\u4ec0\u4e48\u662f\u5dee\uff1f.md", "mtime": 1423299926.0, "mode": "file", "name": "0003-\u8c1c\u989859\uff1a\u4ec0\u4e48\u662f\u5dee\uff1f.md"}, {"path": "markdown/puzzle/\u5e93\u8c1c\u9898/0004-\u8c1c\u989860\uff1a\u4e00\u884c\u7684\u65b9\u6cd5.md", "mtime": 1423299926.0, "mode": "file", "name": "0004-\u8c1c\u989860\uff1a\u4e00\u884c\u7684\u65b9\u6cd5.md"}, {"path": "markdown/puzzle/\u5e93\u8c1c\u9898/0005-\u8c1c\u989861\uff1a\u65e5\u671f\u6e38\u620f.md", "mtime": 1423299926.0, "mode": "file", "name": "0005-\u8c1c\u989861\uff1a\u65e5\u671f\u6e38\u620f.md"}, {"path": "markdown/puzzle/\u5e93\u8c1c\u9898/0006-\u8c1c\u989862\uff1a\u540d\u5b57\u6e38\u620f.md", "mtime": 1423299926.0, "mode": "file", "name": "0006-\u8c1c\u989862\uff1a\u540d\u5b57\u6e38\u620f.md"}, {"path": "markdown/puzzle/\u5e93\u8c1c\u9898/0007-\u8c1c\u989863\uff1a\u66f4\u591a\u540c\u6837\u7684\u95ee\u9898.md", "mtime": 1423299926.0, "mode": "file", "name": "0007-\u8c1c\u989863\uff1a\u66f4\u591a\u540c\u6837\u7684\u95ee\u9898.md"}, {"path": "markdown/puzzle/\u5e93\u8c1c\u9898/0008-\u8c1c\u989864\uff1a\u6309\u4f59\u6570\u7f16\u7ec4.md", "mtime": 1423299926.0, "mode": "file", "name": "0008-\u8c1c\u989864\uff1a\u6309\u4f59\u6570\u7f16\u7ec4.md"}, {"path": "markdown/puzzle/\u5e93\u8c1c\u9898/0009-\u8c1c\u989865\uff1a\u4e00\u79cd\u7591\u4f3c\u6392\u5e8f\u7684\u60ca\u4eba\u4f20\u5947.md", "mtime": 1423299926.0, "mode": "file", "name": "0009-\u8c1c\u989865\uff1a\u4e00\u79cd\u7591\u4f3c\u6392\u5e8f\u7684\u60ca\u4eba\u4f20\u5947.md"}], "path": "markdown/puzzle/\u5e93\u8c1c\u9898", "mtime": 1423300260.0, "mode": "tree", "name": "\u5e93\u8c1c\u9898"}