{"files": [{"path": "dist/markdown/puzzle/biaodashimiti/0000-miti1\uff1aqishuxing.md", "rname": "0000-\u8c1c\u98981\uff1a\u5947\u6570\u6027.md", "mtime": 1423805067.0, "mode": "file", "name": "0000-miti1\uff1aqishuxing.md"}, {"path": "dist/markdown/puzzle/biaodashimiti/0001-miti2\uff1azhaolingshike.md", "rname": "0001-\u8c1c\u98982\uff1a\u627e\u96f6\u65f6\u523b.md", "mtime": 1423805067.0, "mode": "file", "name": "0001-miti2\uff1azhaolingshike.md"}, {"path": "dist/markdown/puzzle/biaodashimiti/0002-miti3\uff1achangzhengchu.md", "rname": "0002-\u8c1c\u98983\uff1a\u957f\u6574\u9664.md", "mtime": 1423805067.0, "mode": "file", "name": "0002-miti3\uff1achangzhengchu.md"}, {"path": "dist/markdown/puzzle/biaodashimiti/0003-miti4\uff1achujiwenti.md", "rname": "0003-\u8c1c\u98984\uff1a\u521d\u7ea7\u95ee\u9898.md", "mtime": 1423805067.0, "mode": "file", "name": "0003-miti4\uff1achujiwenti.md"}, {"path": "dist/markdown/puzzle/biaodashimiti/0004-miti5\uff1ashiliujinzhidiqushi.md", "rname": "0004-\u8c1c\u98985\uff1a\u5341\u516d\u8fdb\u5236\u7684\u8da3\u4e8b.md", "mtime": 1423805067.0, "mode": "file", "name": "0004-miti5\uff1ashiliujinzhidiqushi.md"}, {"path": "dist/markdown/puzzle/biaodashimiti/0005-miti6\uff1aduozhongzhuanxing.md", "rname": "0005-\u8c1c\u98986\uff1a\u591a\u91cd\u8f6c\u578b.md", "mtime": 1423805067.0, "mode": "file", "name": "0005-miti6\uff1aduozhongzhuanxing.md"}, {"path": "dist/markdown/puzzle/biaodashimiti/0006-miti7\uff1ahuhuanneirong.md", "rname": "0006-\u8c1c\u98987\uff1a\u4e92\u6362\u5185\u5bb9.md", "mtime": 1423805067.0, "mode": "file", "name": "0006-miti7\uff1ahuhuanneirong.md"}, {"path": "dist/markdown/puzzle/biaodashimiti/0007-miti8\uff1aDos Equis.md", "rname": "0007-\u8c1c\u98988\uff1aDos Equis.md", "mtime": 1423805067.0, "mode": "file", "name": "0007-miti8\uff1aDos Equis.md"}, {"path": "dist/markdown/puzzle/biaodashimiti/0008-miti9\uff1abanjin.md", "rname": "0008-\u8c1c\u98989\uff1a\u534a\u65a4.md", "mtime": 1423805067.0, "mode": "file", "name": "0008-miti9\uff1abanjin.md"}, {"path": "dist/markdown/puzzle/biaodashimiti/0009-miti10\uff1abaliang.md", "rname": "0009-\u8c1c\u989810\uff1a\u516b\u4e24.md", "mtime": 1423805067.0, "mode": "file", "name": "0009-miti10\uff1abaliang.md"}], "rname": "\u8868\u8fbe\u5f0f\u8c1c\u9898", "name": "biaodashimiti", "mode": "tree", "mtime": 1423918645.0, "path": "dist/markdown/puzzle/biaodashimiti"}