{"files": [{"path": "markdown/puzzle/\u5f02\u5e38\u8c1c\u9898/0000-\u8c1c\u989836\uff1a\u4f18\u67d4\u5be1\u65ad.md", "mtime": 1423299926.0, "mode": "file", "name": "0000-\u8c1c\u989836\uff1a\u4f18\u67d4\u5be1\u65ad.md"}, {"path": "markdown/puzzle/\u5f02\u5e38\u8c1c\u9898/0001-\u8c1c\u989837\uff1a\u6781\u7aef\u4e0d\u53ef\u601d\u8bae.md", "mtime": 1423299926.0, "mode": "file", "name": "0001-\u8c1c\u989837\uff1a\u6781\u7aef\u4e0d\u53ef\u601d\u8bae.md"}, {"path": "markdown/puzzle/\u5f02\u5e38\u8c1c\u9898/0002-\u8c1c\u989838\uff1a\u4e0d\u53d7\u6b22\u8fce\u7684\u5bbe\u5ba2.md", "mtime": 1423299926.0, "mode": "file", "name": "0002-\u8c1c\u989838\uff1a\u4e0d\u53d7\u6b22\u8fce\u7684\u5bbe\u5ba2.md"}, {"path": "markdown/puzzle/\u5f02\u5e38\u8c1c\u9898/0003-\u8c1c\u989839\uff1a\u60a8\u597d\uff0c\u518d\u89c1\uff01.md", "mtime": 1423299926.0, "mode": "file", "name": "0003-\u8c1c\u989839\uff1a\u60a8\u597d\uff0c\u518d\u89c1\uff01.md"}, {"path": "markdown/puzzle/\u5f02\u5e38\u8c1c\u9898/0004-\u8c1c\u989840\uff1a\u4e0d\u60c5\u613f\u7684\u6784\u9020\u5668.md", "mtime": 1423299926.0, "mode": "file", "name": "0004-\u8c1c\u989840\uff1a\u4e0d\u60c5\u613f\u7684\u6784\u9020\u5668.md"}, {"path": "markdown/puzzle/\u5f02\u5e38\u8c1c\u9898/0005-\u8c1c\u989841\uff1a\u57df\u548c\u6d41.md", "mtime": 1423299926.0, "mode": "file", "name": "0005-\u8c1c\u989841\uff1a\u57df\u548c\u6d41.md"}, {"path": "markdown/puzzle/\u5f02\u5e38\u8c1c\u9898/0006-\u8c1c\u989842\uff1a\u5f02\u5e38\u4e3a\u5faa\u73af\u800c\u629b.md", "mtime": 1423299926.0, "mode": "file", "name": "0006-\u8c1c\u989842\uff1a\u5f02\u5e38\u4e3a\u5faa\u73af\u800c\u629b.md"}, {"path": "markdown/puzzle/\u5f02\u5e38\u8c1c\u9898/0007-\u8c1c\u989843\uff1a\u5f02\u5e38\u5730\u5371\u9669.md", "mtime": 1423299926.0, "mode": "file", "name": "0007-\u8c1c\u989843\uff1a\u5f02\u5e38\u5730\u5371\u9669.md"}, {"path": "markdown/puzzle/\u5f02\u5e38\u8c1c\u9898/0008-\u8c1c\u989844\uff1a\u5207\u6389\u7c7b.md", "mtime": 1423299926.0, "mode": "file", "name": "0008-\u8c1c\u989844\uff1a\u5207\u6389\u7c7b.md"}, {"path": "markdown/puzzle/\u5f02\u5e38\u8c1c\u9898/0009-\u8c1c\u989845\uff1a\u4ee4\u4eba\u75b2\u60eb\u4e0d\u582a\u7684\u6d4b\u9a8c.md", "mtime": 1423299926.0, "mode": "file", "name": "0009-\u8c1c\u989845\uff1a\u4ee4\u4eba\u75b2\u60eb\u4e0d\u582a\u7684\u6d4b\u9a8c.md"}], "path": "markdown/puzzle/\u5f02\u5e38\u8c1c\u9898", "mtime": 1423300260.0, "mode": "tree", "name": "\u5f02\u5e38\u8c1c\u9898"}