{"files": [{"path": "java/0002-jinjie/0001-Javaduoxiancheng/0000-xianchengjianjie.md", "rname": "0000-\u7ebf\u7a0b\u7b80\u4ecb.md", "mtime": 1423805067.0, "mode": "file", "name": "0000-xianchengjianjie.md"}, {"path": "java/0002-jinjie/0001-Javaduoxiancheng/0001-yongThreadleichuangjianxiancheng.md", "rname": "0001-\u7528Thread\u7c7b\u521b\u5efa\u7ebf\u7a0b.md", "mtime": 1423805067.0, "mode": "file", "name": "0001-yongThreadleichuangjianxiancheng.md"}, {"path": "java/0002-jinjie/0001-Javaduoxiancheng/0002-shiyongRunnablejiekouchuangjianxiancheng.md", "rname": "0002-\u4f7f\u7528Runnable\u63a5\u53e3\u521b\u5efa\u7ebf\u7a0b.md", "mtime": 1423805067.0, "mode": "file", "name": "0002-shiyongRunnablejiekouchuangjianxiancheng.md"}, {"path": "java/0002-jinjie/0001-Javaduoxiancheng/0003-xianchengdishengmingzhouqi.md", "rname": "0003-\u7ebf\u7a0b\u7684\u751f\u547d\u5468\u671f.md", "mtime": 1423805067.0, "mode": "file", "name": "0003-xianchengdishengmingzhouqi.md"}, {"path": "java/0002-jinjie/0001-Javaduoxiancheng/0004-joinfangfadishiyong.md", "rname": "0004-join\u65b9\u6cd5\u7684\u4f7f\u7528.md", "mtime": 1440236869.0, "mode": "file", "name": "0004-joinfangfadishiyong.md"}, {"path": "java/0002-jinjie/0001-Javaduoxiancheng/0005-shiyongSynchronizedkuaitongbubianliang.md", "rname": "0005-\u4f7f\u7528Synchronized\u5757\u540c\u6b65\u53d8\u91cf.md", "mtime": 1423805067.0, "mode": "file", "name": "0005-shiyongSynchronizedkuaitongbubianliang.md"}, {"path": "java/0002-jinjie/0001-Javaduoxiancheng/0006-shiyongSynchronizedguanjianzitongbuleifangfa.md", "rname": "0006-\u4f7f\u7528Synchronized\u5173\u952e\u5b57\u540c\u6b65\u7c7b\u65b9\u6cd5.md", "mtime": 1423805067.0, "mode": "file", "name": "0006-shiyongSynchronizedguanjianzitongbuleifangfa.md"}, {"path": "java/0002-jinjie/0001-Javaduoxiancheng/0007-shiyongSynchronizedkuaitongbufangfa.md", "rname": "0007-\u4f7f\u7528Synchronized\u5757\u540c\u6b65\u65b9\u6cd5.md", "mtime": 1423805067.0, "mode": "file", "name": "0007-shiyongSynchronizedkuaitongbufangfa.md"}, {"path": "java/0002-jinjie/0001-Javaduoxiancheng/0008-congxianchengfanhuishujudiliangzhongfangfa.md", "rname": "0008-\u4ece\u7ebf\u7a0b\u8fd4\u56de\u6570\u636e\u7684\u4e24\u79cd\u65b9\u6cd5.md", "mtime": 1423805067.0, "mode": "file", "name": "0008-congxianchengfanhuishujudiliangzhongfangfa.md"}, {"path": "java/0002-jinjie/0001-Javaduoxiancheng/0009-xiangxianchengchuandishujudisanzhongfangfa.md", "rname": "0009-\u5411\u7ebf\u7a0b\u4f20\u9012\u6570\u636e\u7684\u4e09\u79cd\u65b9\u6cd5.md", "mtime": 1423805067.0, "mode": "file", "name": "0009-xiangxianchengchuandishujudisanzhongfangfa.md"}, {"path": "java/0002-jinjie/0001-Javaduoxiancheng/0010-shenzhongshiyongvolatileguanjianzi.md", "rname": "0010-\u614e\u91cd\u4f7f\u7528volatile\u5173\u952e\u5b57.md", "mtime": 1423805067.0, "mode": "file", "name": "0010-shenzhongshiyongvolatileguanjianzi.md"}], "rname": "0001-Java\u591a\u7ebf\u7a0b", "name": "0001-Javaduoxiancheng", "mode": "tree", "mtime": 1423918645.0, "path": "java/0002-jinjie/0001-Javaduoxiancheng"}