{"files": [{"path": "java/0005-JavaEE/0003-qita/0000-HTTP diqingqiuguocheng?.md", "rname": "0000-HTTP \u7684\u8bf7\u6c42\u8fc7\u7a0b?.md", "mtime": 1423805067.0, "mode": "file", "name": "0000-HTTP diqingqiuguocheng?.md"}, {"path": "java/0005-JavaEE/0003-qita/0001-HTTPqingqiudiGETyuPOSTfangshidiqubie.md", "rname": "0001-HTTP\u8bf7\u6c42\u7684GET\u4e0ePOST\u65b9\u5f0f\u7684\u533a\u522b.md", "mtime": 1423805067.0, "mode": "file", "name": "0001-HTTPqingqiudiGETyuPOSTfangshidiqubie.md"}, {"path": "java/0005-JavaEE/0003-qita/0002-jieshiyixiashimoshiservlet?.md", "rname": "0002-\u89e3\u91ca\u4e00\u4e0b\u4ec0\u4e48\u662fservlet?.md", "mtime": 1423805067.0, "mode": "file", "name": "0002-jieshiyixiashimoshiservlet?.md"}, {"path": "java/0005-JavaEE/0003-qita/0003-shuoyishuoServletdishengmingzhouqi.md", "rname": "0003-\u8bf4\u4e00\u8bf4Servlet\u7684\u751f\u547d\u5468\u671f.md", "mtime": 1423805067.0, "mode": "file", "name": "0003-shuoyishuoServletdishengmingzhouqi.md"}, {"path": "java/0005-JavaEE/0003-qita/0004-Servletdijibenjiagou.md", "rname": "0004-Servlet\u7684\u57fa\u672c\u67b6\u6784.md", "mtime": 1423805067.0, "mode": "file", "name": "0004-Servletdijibenjiagou.md"}, {"path": "java/0005-JavaEE/0003-qita/0005-SERVLET APIzhongforward()yuredirect()diqubie?.md", "rname": "0005-SERVLET API\u4e2dforward()\u4e0eredirect()\u7684\u533a\u522b?.md", "mtime": 1423805067.0, "mode": "file", "name": "0005-SERVLET APIzhongforward()yuredirect()diqubie?.md"}, {"path": "java/0005-JavaEE/0003-qita/0006-shimoqingkuangxiatiaoyongdoGet()hedoPost()?.md", "rname": "0006-\u4ec0\u4e48\u60c5\u51b5\u4e0b\u8c03\u7528doGet()\u548cdoPost()?.md", "mtime": 1423805067.0, "mode": "file", "name": "0006-shimoqingkuangxiatiaoyongdoGet()hedoPost()?.md"}, {"path": "java/0005-JavaEE/0003-qita/0007-Requestduixiangdizhuyaofangfa.md", "rname": "0007-Request\u5bf9\u8c61\u7684\u4e3b\u8981\u65b9\u6cd5.md", "mtime": 1423805067.0, "mode": "file", "name": "0007-Requestduixiangdizhuyaofangfa.md"}, {"path": "java/0005-JavaEE/0003-qita/0008-jianshuHttpSessiondizuoyong,shiyongfangfa,keyongdaimashuoming.md", "rname": "0008-\u7b80\u8ff0HttpSession\u7684\u4f5c\u7528,\u4f7f\u7528\u65b9\u6cd5,\u53ef\u7528\u4ee3\u7801\u8bf4\u660e.md", "mtime": 1423805067.0, "mode": "file", "name": "0008-jianshuHttpSessiondizuoyong,shiyongfangfa,keyongdaimashuoming.md"}, {"path": "java/0005-JavaEE/0003-qita/0009-qinghuachuServlet 2.2yishangWeb Applicationdijibenmulujiegou.md", "rname": "0009-\u8bf7\u753b\u51faServlet 2.2\u4ee5\u4e0aWeb Application\u7684\u57fa\u672c\u76ee\u5f55\u7ed3\u6784.md", "mtime": 1423805067.0, "mode": "file", "name": "0009-qinghuachuServlet 2.2yishangWeb Applicationdijibenmulujiegou.md"}, {"path": "java/0005-JavaEE/0003-qita/0010-cookiehesessiondiqubie?.md", "rname": "0010-cookie\u548csession\u7684\u533a\u522b?.md", "mtime": 1423805067.0, "mode": "file", "name": "0010-cookiehesessiondiqubie?.md"}, {"path": "java/0005-JavaEE/0003-qita/0011-forward heredirectdiqubie.md", "rname": "0011-forward \u548credirect\u7684\u533a\u522b.md", "mtime": 1423805067.0, "mode": "file", "name": "0011-forward heredirectdiqubie.md"}, {"path": "java/0005-JavaEE/0003-qita/0012-request.getAttribute() he request.getParameter() youhequbie.md", "rname": "0012-request.getAttribute() \u548c request.getParameter() \u6709\u4f55\u533a\u522b.md", "mtime": 1423805067.0, "mode": "file", "name": "0012-request.getAttribute() he request.getParameter() youhequbie.md"}, {"path": "java/0005-JavaEE/0003-qita/0013-jspyounaxieneizhiduixiangzuoyongfenbieshishimo fenbieyoushimofangfa?.md", "rname": "0013-jsp\u6709\u54ea\u4e9b\u5185\u7f6e\u5bf9\u8c61\u4f5c\u7528\u5206\u522b\u662f\u4ec0\u4e48 \u5206\u522b\u6709\u4ec0\u4e48\u65b9\u6cd5?.md", "mtime": 1423805067.0, "mode": "file", "name": "0013-jspyounaxieneizhiduixiangzuoyongfenbieshishimo fenbieyoushimofangfa?.md"}, {"path": "java/0005-JavaEE/0003-qita/0014-jieshaozaiJSPzhongruheshiyongJavaBeans?.md", "rname": "0014-\u4ecb\u7ecd\u5728JSP\u4e2d\u5982\u4f55\u4f7f\u7528JavaBeans?.md", "mtime": 1423805067.0, "mode": "file", "name": "0014-jieshaozaiJSPzhongruheshiyongJavaBeans?.md"}, {"path": "java/0005-JavaEE/0003-qita/0015-jspyounaxiedongzuozuoyongfenbieshishimo.md", "rname": "0015-jsp\u6709\u54ea\u4e9b\u52a8\u4f5c\u4f5c\u7528\u5206\u522b\u662f\u4ec0\u4e48.md", "mtime": 1423805067.0, "mode": "file", "name": "0015-jspyounaxiedongzuozuoyongfenbieshishimo.md"}, {"path": "java/0005-JavaEE/0003-qita/0016-jspdisizhongfanwei?.md", "rname": "0016-jsp\u7684\u56db\u79cd\u8303\u56f4?.md", "mtime": 1423805067.0, "mode": "file", "name": "0016-jspdisizhongfanwei?.md"}, {"path": "java/0005-JavaEE/0003-qita/0017-JSPzhongdongtaiINCLUDEyujingtaiINCLUDEdiqubie?.md", "rname": "0017-JSP\u4e2d\u52a8\u6001INCLUDE\u4e0e\u9759\u6001INCLUDE\u7684\u533a\u522b?.md", "mtime": 1423805067.0, "mode": "file", "name": "0017-JSPzhongdongtaiINCLUDEyujingtaiINCLUDEdiqubie?.md"}, {"path": "java/0005-JavaEE/0003-qita/0018-guolvqiyounaxiezuoyong?.md", "rname": "0018-\u8fc7\u6ee4\u5668\u6709\u54ea\u4e9b\u4f5c\u7528?.md", "mtime": 1423805067.0, "mode": "file", "name": "0018-guolvqiyounaxiezuoyong?.md"}, {"path": "java/0005-JavaEE/0003-qita/0019-javascriptdiyouquedianheneizhiduixiang.md", "rname": "0019-javascript\u7684\u4f18\u7f3a\u70b9\u548c\u5185\u7f6e\u5bf9\u8c61.md", "mtime": 1423805067.0, "mode": "file", "name": "0019-javascriptdiyouquedianheneizhiduixiang.md"}], "rname": "0003-\u5176\u5b83", "name": "0003-qita", "mode": "tree", "mtime": 1424800905.0, "path": "java/0005-JavaEE/0003-qita"}