{"files": [{"path": "markdown/database/\u51fd\u6570/0000-\u6570\u636e\u51c6\u5907.md", "mtime": 1423299926.0, "mode": "file", "name": "0000-\u6570\u636e\u51c6\u5907.md"}, {"path": "markdown/database/\u51fd\u6570/0001-\u6570\u5b66\u51fd\u6570.md", "mtime": 1423299926.0, "mode": "file", "name": "0001-\u6570\u5b66\u51fd\u6570.md"}, {"path": "markdown/database/\u51fd\u6570/0002-\u5b57\u7b26\u4e32\u51fd\u6570.md", "mtime": 1423299926.0, "mode": "file", "name": "0002-\u5b57\u7b26\u4e32\u51fd\u6570.md"}, {"path": "markdown/database/\u51fd\u6570/0003-\u65e5\u671f\u65f6\u95f4\u51fd\u6570.md", "mtime": 1423299926.0, "mode": "file", "name": "0003-\u65e5\u671f\u65f6\u95f4\u51fd\u6570.md"}, {"path": "markdown/database/\u51fd\u6570/0004-\u5176\u4ed6\u51fd\u6570.md", "mtime": 1423299926.0, "mode": "file", "name": "0004-\u5176\u4ed6\u51fd\u6570.md"}, {"path": "markdown/database/\u51fd\u6570/0005-\u5404\u6570\u636e\u5e93\u7cfb\u7edf\u72ec\u6709\u51fd\u6570.md", "mtime": 1423299926.0, "mode": "file", "name": "0005-\u5404\u6570\u636e\u5e93\u7cfb\u7edf\u72ec\u6709\u51fd\u6570.md"}], "path": "markdown/database/\u51fd\u6570", "mtime": 1423300260.0, "mode": "tree", "name": "\u51fd\u6570"}