{"files": [{"path": "markdown/puzzle/\u5faa\u73af\u8c1c\u9898/0000-\u8c1c\u989824\uff1a\u5c3d\u60c5\u4eab\u53d7\u6bcf\u4e00\u4e2a\u5b57\u8282.md", "mtime": 1423299926.0, "mode": "file", "name": "0000-\u8c1c\u989824\uff1a\u5c3d\u60c5\u4eab\u53d7\u6bcf\u4e00\u4e2a\u5b57\u8282.md"}, {"path": "markdown/puzzle/\u5faa\u73af\u8c1c\u9898/0001-\u8c1c\u989825\uff1a\u65e0\u60c5\u7684\u589e\u91cf\u64cd\u4f5c.md", "mtime": 1423299926.0, "mode": "file", "name": "0001-\u8c1c\u989825\uff1a\u65e0\u60c5\u7684\u589e\u91cf\u64cd\u4f5c.md"}, {"path": "markdown/puzzle/\u5faa\u73af\u8c1c\u9898/0002-\u8c1c\u989826\uff1a\u5728\u5faa\u73af\u4e2d.md", "mtime": 1423299926.0, "mode": "file", "name": "0002-\u8c1c\u989826\uff1a\u5728\u5faa\u73af\u4e2d.md"}, {"path": "markdown/puzzle/\u5faa\u73af\u8c1c\u9898/0003-\u8c1c\u989827\uff1a\u53d8\u5e7b\u83ab\u6d4b\u7684i\u503c.md", "mtime": 1423299926.0, "mode": "file", "name": "0003-\u8c1c\u989827\uff1a\u53d8\u5e7b\u83ab\u6d4b\u7684i\u503c.md"}, {"path": "markdown/puzzle/\u5faa\u73af\u8c1c\u9898/0004-\u8c1c\u989828\uff1a\u5faa\u73af\u8005.md", "mtime": 1423299926.0, "mode": "file", "name": "0004-\u8c1c\u989828\uff1a\u5faa\u73af\u8005.md"}, {"path": "markdown/puzzle/\u5faa\u73af\u8c1c\u9898/0005-\u8c1c\u989829\uff1a\u5faa\u73af\u8005\u7684\u65b0\u5a18.md", "mtime": 1423299926.0, "mode": "file", "name": "0005-\u8c1c\u989829\uff1a\u5faa\u73af\u8005\u7684\u65b0\u5a18.md"}, {"path": "markdown/puzzle/\u5faa\u73af\u8c1c\u9898/0006-\u8c1c\u989830\uff1a\u5faa\u73af\u8005\u7684\u7231\u5b50.md", "mtime": 1423299926.0, "mode": "file", "name": "0006-\u8c1c\u989830\uff1a\u5faa\u73af\u8005\u7684\u7231\u5b50.md"}, {"path": "markdown/puzzle/\u5faa\u73af\u8c1c\u9898/0007-\u8c1c\u989831\uff1a\u5faa\u73af\u8005\u7684\u9b3c\u9b42.md", "mtime": 1423299926.0, "mode": "file", "name": "0007-\u8c1c\u989831\uff1a\u5faa\u73af\u8005\u7684\u9b3c\u9b42.md"}, {"path": "markdown/puzzle/\u5faa\u73af\u8c1c\u9898/0008-\u8c1c\u989832\uff1a\u5faa\u73af\u8005\u7684\u8bc5\u5492.md", "mtime": 1423299926.0, "mode": "file", "name": "0008-\u8c1c\u989832\uff1a\u5faa\u73af\u8005\u7684\u8bc5\u5492.md"}, {"path": "markdown/puzzle/\u5faa\u73af\u8c1c\u9898/0009-\u8c1c\u989833\uff1a\u5faa\u73af\u8005\u9047\u5230\u4e86\u72fc\u4eba.md", "mtime": 1423299926.0, "mode": "file", "name": "0009-\u8c1c\u989833\uff1a\u5faa\u73af\u8005\u9047\u5230\u4e86\u72fc\u4eba.md"}, {"path": "markdown/puzzle/\u5faa\u73af\u8c1c\u9898/0010-\u8c1c\u989834\uff1a\u88ab\u8ba1\u6570\u51fb\u5012\u4e86.md", "mtime": 1423299926.0, "mode": "file", "name": "0010-\u8c1c\u989834\uff1a\u88ab\u8ba1\u6570\u51fb\u5012\u4e86.md"}, {"path": "markdown/puzzle/\u5faa\u73af\u8c1c\u9898/0011-\u8c1c\u989835\uff1a\u4e00\u5206\u949f\u53c8\u4e00\u5206\u949f.md", "mtime": 1423299926.0, "mode": "file", "name": "0011-\u8c1c\u989835\uff1a\u4e00\u5206\u949f\u53c8\u4e00\u5206\u949f.md"}], "path": "markdown/puzzle/\u5faa\u73af\u8c1c\u9898", "mtime": 1423300260.0, "mode": "tree", "name": "\u5faa\u73af\u8c1c\u9898"}