{"files": [{"path": "java/0008-Javamiti/0001-biaodashimiti/0000-miti1 qishuxing.md", "rname": "0000-\u8c1c\u98981 \u5947\u6570\u6027.md", "mtime": 1423805067.0, "mode": "file", "name": "0000-miti1 qishuxing.md"}, {"path": "java/0008-Javamiti/0001-biaodashimiti/0001-miti2 zhaolingshike.md", "rname": "0001-\u8c1c\u98982 \u627e\u96f6\u65f6\u523b.md", "mtime": 1423805067.0, "mode": "file", "name": "0001-miti2 zhaolingshike.md"}, {"path": "java/0008-Javamiti/0001-biaodashimiti/0002-miti3 changzhengchu.md", "rname": "0002-\u8c1c\u98983 \u957f\u6574\u9664.md", "mtime": 1423805067.0, "mode": "file", "name": "0002-miti3 changzhengchu.md"}, {"path": "java/0008-Javamiti/0001-biaodashimiti/0003-miti4 chujiwenti.md", "rname": "0003-\u8c1c\u98984 \u521d\u7ea7\u95ee\u9898.md", "mtime": 1423805067.0, "mode": "file", "name": "0003-miti4 chujiwenti.md"}, {"path": "java/0008-Javamiti/0001-biaodashimiti/0004-miti5 shiliujinzhidiqushi.md", "rname": "0004-\u8c1c\u98985 \u5341\u516d\u8fdb\u5236\u7684\u8da3\u4e8b.md", "mtime": 1423805067.0, "mode": "file", "name": "0004-miti5 shiliujinzhidiqushi.md"}, {"path": "java/0008-Javamiti/0001-biaodashimiti/0005-miti6 duozhongzhuanxing.md", "rname": "0005-\u8c1c\u98986 \u591a\u91cd\u8f6c\u578b.md", "mtime": 1423805067.0, "mode": "file", "name": "0005-miti6 duozhongzhuanxing.md"}, {"path": "java/0008-Javamiti/0001-biaodashimiti/0006-miti7 huhuanneirong.md", "rname": "0006-\u8c1c\u98987 \u4e92\u6362\u5185\u5bb9.md", "mtime": 1423805067.0, "mode": "file", "name": "0006-miti7 huhuanneirong.md"}, {"path": "java/0008-Javamiti/0001-biaodashimiti/0007-miti8 Dos Equis.md", "rname": "0007-\u8c1c\u98988 Dos Equis.md", "mtime": 1423805067.0, "mode": "file", "name": "0007-miti8 Dos Equis.md"}, {"path": "java/0008-Javamiti/0001-biaodashimiti/0008-miti9 banjin.md", "rname": "0008-\u8c1c\u98989 \u534a\u65a4.md", "mtime": 1423805067.0, "mode": "file", "name": "0008-miti9 banjin.md"}, {"path": "java/0008-Javamiti/0001-biaodashimiti/0009-miti10 baliang.md", "rname": "0009-\u8c1c\u989810 \u516b\u4e24.md", "mtime": 1423805067.0, "mode": "file", "name": "0009-miti10 baliang.md"}], "rname": "0001-\u8868\u8fbe\u5f0f\u8c1c\u9898", "name": "0001-biaodashimiti", "mode": "tree", "mtime": 1424799733.0, "path": "java/0008-Javamiti/0001-biaodashimiti"}