{"files": [{"path": "java/0001-jichu/0004-IOliu/0000-liudigainianjijibenfenlei .md", "rname": "0000-\u6d41\u7684\u6982\u5ff5\u53ca\u57fa\u672c\u5206\u7c7b .md", "mtime": 1423805067.0, "mode": "file", "name": "0000-liudigainianjijibenfenlei .md"}, {"path": "java/0001-jichu/0004-IOliu/0001-changyongliu.md", "rname": "0001-\u5e38\u7528\u6d41.md", "mtime": 1423805067.0, "mode": "file", "name": "0001-changyongliu.md"}, {"path": "java/0001-jichu/0004-IOliu/0002-Fileleijibenyongfa.md", "rname": "0002-File\u7c7b\u57fa\u672c\u7528\u6cd5.md", "mtime": 1423805067.0, "mode": "file", "name": "0002-Fileleijibenyongfa.md"}, {"path": "java/0001-jichu/0004-IOliu/0003-zijieliulizi.md", "rname": "0003-\u5b57\u8282\u6d41\u4f8b\u5b50.md", "mtime": 1423805067.0, "mode": "file", "name": "0003-zijieliulizi.md"}, {"path": "java/0001-jichu/0004-IOliu/0004-liangleichuanshuxieyi\uff1aTCP\uff0cUDP.md", "rname": "0004-\u4e24\u7c7b\u4f20\u8f93\u534f\u8bae\uff1aTCP\uff0cUDP.md", "mtime": 1423805067.0, "mode": "file", "name": "0004-liangleichuanshuxieyi\uff1aTCP\uff0cUDP.md"}, {"path": "java/0001-jichu/0004-IOliu/0005-zifuliulizi.md", "rname": "0005-\u5b57\u7b26\u6d41\u4f8b\u5b50.md", "mtime": 1423805067.0, "mode": "file", "name": "0005-zifuliulizi.md"}, {"path": "java/0001-jichu/0004-IOliu/0006-OutputStreramWriterheInputStreamReaderlei.md", "rname": "0006-OutputStreramWriter\u548cInputStreamReader\u7c7b.md", "mtime": 1423805067.0, "mode": "file", "name": "0006-OutputStreramWriterheInputStreamReaderlei.md"}, {"path": "java/0001-jichu/0004-IOliu/0007-guandaoliu.md", "rname": "0007-\u7ba1\u9053\u6d41.md", "mtime": 1423805067.0, "mode": "file", "name": "0007-guandaoliu.md"}, {"path": "java/0001-jichu/0004-IOliu/0008-dayinliu.md", "rname": "0008-\u6253\u5370\u6d41.md", "mtime": 1423805067.0, "mode": "file", "name": "0008-dayinliu.md"}, {"path": "java/0001-jichu/0004-IOliu/0009-shurushuchuzhongdingxiang.md", "rname": "0009-\u8f93\u5165\u8f93\u51fa\u91cd\u5b9a\u5411.md", "mtime": 1423805067.0, "mode": "file", "name": "0009-shurushuchuzhongdingxiang.md"}, {"path": "java/0001-jichu/0004-IOliu/0010-BufferedReaderdixiaolizi.md", "rname": "0010-BufferedReader\u7684\u5c0f\u4f8b\u5b50.md", "mtime": 1423805067.0, "mode": "file", "name": "0010-BufferedReaderdixiaolizi.md"}, {"path": "java/0001-jichu/0004-IOliu/0011-Scannerlei.md", "rname": "0011-Scanner\u7c7b.md", "mtime": 1423805067.0, "mode": "file", "name": "0011-Scannerlei.md"}, {"path": "java/0001-jichu/0004-IOliu/0012-shujucaozuoliuDataOutputStream\u3001DataInputStreamlei.md", "rname": "0012-\u6570\u636e\u64cd\u4f5c\u6d41DataOutputStream\u3001DataInputStream\u7c7b.md", "mtime": 1423805067.0, "mode": "file", "name": "0012-shujucaozuoliuDataOutputStream\u3001DataInputStreamlei.md"}, {"path": "java/0001-jichu/0004-IOliu/0013-hebingliu SequenceInputStream.md", "rname": "0013-\u5408\u5e76\u6d41 SequenceInputStream.md", "mtime": 1423805067.0, "mode": "file", "name": "0013-hebingliu SequenceInputStream.md"}, {"path": "java/0001-jichu/0004-IOliu/0014-wenjianyasuo ZipOutputStreamlei.md", "rname": "0014-\u6587\u4ef6\u538b\u7f29 ZipOutputStream\u7c7b.md", "mtime": 1423805067.0, "mode": "file", "name": "0014-wenjianyasuo ZipOutputStreamlei.md"}, {"path": "java/0001-jichu/0004-IOliu/0015-PushBackInputStreamhuituiliu.md", "rname": "0015-PushBackInputStream\u56de\u9000\u6d41.md", "mtime": 1423805067.0, "mode": "file", "name": "0015-PushBackInputStreamhuituiliu.md"}, {"path": "java/0001-jichu/0004-IOliu/0016-duixiangdixuliehua.md", "rname": "0016-\u5bf9\u8c61\u7684\u5e8f\u5217\u5316.md", "mtime": 1423805067.0, "mode": "file", "name": "0016-duixiangdixuliehua.md"}, {"path": "java/0001-jichu/0004-IOliu/0017-shiyongOutputStreamxiangpingmushangshuchuneirong.md", "rname": "0017-\u4f7f\u7528OutputStream\u5411\u5c4f\u5e55\u4e0a\u8f93\u51fa\u5185\u5bb9.md", "mtime": 1423805067.0, "mode": "file", "name": "0017-shiyongOutputStreamxiangpingmushangshuchuneirong.md"}, {"path": "java/0001-jichu/0004-IOliu/0018-NIOjianjie.md", "rname": "0018-NIO\u7b80\u4ecb.md", "mtime": 1423805067.0, "mode": "file", "name": "0018-NIOjianjie.md"}, {"path": "java/0001-jichu/0004-IOliu/0019-NIOditongdaohehuanchongqu.md", "rname": "0019-NIO\u7684\u901a\u9053\u548c\u7f13\u51b2\u533a.md", "mtime": 1423805067.0, "mode": "file", "name": "0019-NIOditongdaohehuanchongqu.md"}, {"path": "java/0001-jichu/0004-IOliu/0020-NIO zhongdiduhexie.md", "rname": "0020-NIO \u4e2d\u7684\u8bfb\u548c\u5199.md", "mtime": 1423805067.0, "mode": "file", "name": "0020-NIO zhongdiduhexie.md"}, {"path": "java/0001-jichu/0004-IOliu/0021-guanchazhemoshishendupouxi.md", "rname": "0021-\u89c2\u5bdf\u8005\u6a21\u5f0f\u6df1\u5ea6\u5256\u6790.md", "mtime": 1423805067.0, "mode": "file", "name": "0021-guanchazhemoshishendupouxi.md"}, {"path": "java/0001-jichu/0004-IOliu/0022-wangluoqicengxieyijiqizuoyong.md", "rname": "0022-\u7f51\u7edc\u4e03\u5c42\u534f\u8bae\u53ca\u5176\u4f5c\u7528.md", "mtime": 1423805067.0, "mode": "file", "name": "0022-wangluoqicengxieyijiqizuoyong.md"}], "rname": "0004-IO\u6d41", "name": "0004-IOliu", "mode": "tree", "mtime": 1424194767.0, "path": "java/0001-jichu/0004-IOliu"}