{"files": [{"path": "dist/markdown/pattern/chuangjianxingmoshi/0000-23zhongshejimoshi\uff081\uff09\uff1adanlimoshi.md", "rname": "0000-23\u79cd\u8bbe\u8ba1\u6a21\u5f0f\uff081\uff09\uff1a\u5355\u4f8b\u6a21\u5f0f.md", "mtime": 1423805067.0, "mode": "file", "name": "0000-23zhongshejimoshi\uff081\uff09\uff1adanlimoshi.md"}, {"path": "dist/markdown/pattern/chuangjianxingmoshi/0001-23zhongshejimoshi\uff082\uff09\uff1agongchangfangfamoshi.md", "rname": "0001-23\u79cd\u8bbe\u8ba1\u6a21\u5f0f\uff082\uff09\uff1a\u5de5\u5382\u65b9\u6cd5\u6a21\u5f0f.md", "mtime": 1423805067.0, "mode": "file", "name": "0001-23zhongshejimoshi\uff082\uff09\uff1agongchangfangfamoshi.md"}, {"path": "dist/markdown/pattern/chuangjianxingmoshi/0002-23zhongshejimoshi\uff083\uff09\uff1achouxianggongchangmoshi.md", "rname": "0002-23\u79cd\u8bbe\u8ba1\u6a21\u5f0f\uff083\uff09\uff1a\u62bd\u8c61\u5de5\u5382\u6a21\u5f0f.md", "mtime": 1423805067.0, "mode": "file", "name": "0002-23zhongshejimoshi\uff083\uff09\uff1achouxianggongchangmoshi.md"}, {"path": "dist/markdown/pattern/chuangjianxingmoshi/0003-23zhongshejimoshi\uff084\uff09\uff1ajianzaozhemoshi.md", "rname": "0003-23\u79cd\u8bbe\u8ba1\u6a21\u5f0f\uff084\uff09\uff1a\u5efa\u9020\u8005\u6a21\u5f0f.md", "mtime": 1423805067.0, "mode": "file", "name": "0003-23zhongshejimoshi\uff084\uff09\uff1ajianzaozhemoshi.md"}, {"path": "dist/markdown/pattern/chuangjianxingmoshi/0004-23zhongshejimoshi\uff085\uff09\uff1ayuanxingmoshi.md", "rname": "0004-23\u79cd\u8bbe\u8ba1\u6a21\u5f0f\uff085\uff09\uff1a\u539f\u578b\u6a21\u5f0f.md", "mtime": 1423805067.0, "mode": "file", "name": "0004-23zhongshejimoshi\uff085\uff09\uff1ayuanxingmoshi.md"}, {"path": "dist/markdown/pattern/chuangjianxingmoshi/0005-chuangjianxingmoshizongjie.md", "rname": "0005-\u521b\u5efa\u578b\u6a21\u5f0f\u603b\u7ed3.md", "mtime": 1423805067.0, "mode": "file", "name": "0005-chuangjianxingmoshizongjie.md"}], "rname": "\u521b\u5efa\u578b\u6a21\u5f0f", "name": "chuangjianxingmoshi", "mode": "tree", "mtime": 1423918645.0, "path": "dist/markdown/pattern/chuangjianxingmoshi"}