{"files": [{"path": "dist/markdown/basic/Javajichu/0000-Javajianjiejikaifahuanjingpeizhi.md", "rname": "0000-Java\u7b80\u4ecb\u53ca\u5f00\u53d1\u73af\u5883\u914d\u7f6e.md", "mtime": 1423805067.0, "mode": "file", "name": "0000-Javajianjiejikaifahuanjingpeizhi.md"}, {"path": "dist/markdown/basic/Javajichu/0001-yigewanzhengdiJavachengxushili.md", "rname": "0001-\u4e00\u4e2a\u5b8c\u6574\u7684Java\u7a0b\u5e8f\u793a\u4f8b.md", "mtime": 1423805067.0, "mode": "file", "name": "0001-yigewanzhengdiJavachengxushili.md"}, {"path": "dist/markdown/basic/Javajichu/0002-mianxiangduixiangditezhengyounaxiefangmian\uff1f.md", "rname": "0002-\u9762\u5411\u5bf9\u8c61\u7684\u7279\u5f81\u6709\u54ea\u4e9b\u65b9\u9762\uff1f.md", "mtime": 1423805067.0, "mode": "file", "name": "0002-mianxiangduixiangditezhengyounaxiefangmian\uff1f.md"}, {"path": "dist/markdown/basic/Javajichu/0003-Javadishujuleixing.md", "rname": "0003-Java\u7684\u6570\u636e\u7c7b\u578b.md", "mtime": 1423805067.0, "mode": "file", "name": "0003-Javadishujuleixing.md"}, {"path": "dist/markdown/basic/Javajichu/0004-Javazhushi.md", "rname": "0004-Java\u6ce8\u91ca.md", "mtime": 1423805067.0, "mode": "file", "name": "0004-Javazhushi.md"}, {"path": "dist/markdown/basic/Javajichu/0005-biaoshifujiguanjianzi.md", "rname": "0005-\u6807\u8bc6\u7b26\u53ca\u5173\u952e\u5b57.md", "mtime": 1423805067.0, "mode": "file", "name": "0005-biaoshifujiguanjianzi.md"}, {"path": "dist/markdown/basic/Javajichu/0006-Javadiyunsuanfu.md", "rname": "0006-Java\u7684\u8fd0\u7b97\u7b26.md", "mtime": 1423805067.0, "mode": "file", "name": "0006-Javadiyunsuanfu.md"}, {"path": "dist/markdown/basic/Javajichu/0007-Javaneicunkongjiandifenpeijihuishou.md", "rname": "0007-Java\u5185\u5b58\u7a7a\u95f4\u7684\u5206\u914d\u53ca\u56de\u6536.md", "mtime": 1423805067.0, "mode": "file", "name": "0007-Javaneicunkongjiandifenpeijihuishou.md"}, {"path": "dist/markdown/basic/Javajichu/0008-jububianliang\uff0cshilibianliang\uff0cjingtaibianliang.md", "rname": "0008-\u5c40\u90e8\u53d8\u91cf\uff0c\u5b9e\u4f8b\u53d8\u91cf\uff0c\u9759\u6001\u53d8\u91cf.md", "mtime": 1423805067.0, "mode": "file", "name": "0008-jububianliang\uff0cshilibianliang\uff0cjingtaibianliang.md"}, {"path": "dist/markdown/basic/Javajichu/0009-baoyudaoruyujupouxi.md", "rname": "0009-\u5305\u4e0e\u5bfc\u5165\u8bed\u53e5\u5256\u6790.md", "mtime": 1423805067.0, "mode": "file", "name": "0009-baoyudaoruyujupouxi.md"}, {"path": "dist/markdown/basic/Javajichu/0010-shuzu.md", "rname": "0010-\u6570\u7ec4.md", "mtime": 1423805067.0, "mode": "file", "name": "0010-shuzu.md"}, {"path": "dist/markdown/basic/Javajichu/0011-leiheduixiang.md", "rname": "0011-\u7c7b\u548c\u5bf9\u8c61.md", "mtime": 1423805067.0, "mode": "file", "name": "0011-leiheduixiang.md"}, {"path": "dist/markdown/basic/Javajichu/0012-Javaxuliehua.md", "rname": "0012-Java\u5e8f\u5217\u5316.md", "mtime": 1423805067.0, "mode": "file", "name": "0012-Javaxuliehua.md"}, {"path": "dist/markdown/basic/Javajichu/0013-staticxiushifu.md", "rname": "0013-static\u4fee\u9970\u7b26.md", "mtime": 1423805067.0, "mode": "file", "name": "0013-staticxiushifu.md"}, {"path": "dist/markdown/basic/Javajichu/0014-finalxiushifu.md", "rname": "0014-final\u4fee\u9970\u7b26.md", "mtime": 1423805067.0, "mode": "file", "name": "0014-finalxiushifu.md"}, {"path": "dist/markdown/basic/Javajichu/0015-Javazhongdifangwenquanxiankongzhi.md", "rname": "0015-Java\u4e2d\u7684\u8bbf\u95ee\u6743\u9650\u63a7\u5236.md", "mtime": 1423805067.0, "mode": "file", "name": "0015-Javazhongdifangwenquanxiankongzhi.md"}, {"path": "dist/markdown/basic/Javajichu/0016-abstractxiushifu.md", "rname": "0016-abstract\u4fee\u9970\u7b26.md", "mtime": 1423805067.0, "mode": "file", "name": "0016-abstractxiushifu.md"}, {"path": "dist/markdown/basic/Javajichu/0017-jiekou(interface).md", "rname": "0017-\u63a5\u53e3(interface).md", "mtime": 1423805067.0, "mode": "file", "name": "0017-jiekou(interface).md"}, {"path": "dist/markdown/basic/Javajichu/0018-Javabaozhuangleijiqichaixiangzhuangxiang.md", "rname": "0018-Java\u5305\u88c5\u7c7b\u53ca\u5176\u62c6\u7bb1\u88c5\u7bb1.md", "mtime": 1423805067.0, "mode": "file", "name": "0018-Javabaozhuangleijiqichaixiangzhuangxiang.md"}, {"path": "dist/markdown/basic/Javajichu/0019-Objectleiqianxi.md", "rname": "0019-Object\u7c7b\u6d45\u6790.md", "mtime": 1423805067.0, "mode": "file", "name": "0019-Objectleiqianxi.md"}, {"path": "dist/markdown/basic/Javajichu/0020-String\u3001StringBufferheStringBulder.md", "rname": "0020-String\u3001StringBuffer\u548cStringBulder.md", "mtime": 1423805067.0, "mode": "file", "name": "0020-String\u3001StringBufferheStringBulder.md"}, {"path": "dist/markdown/basic/Javajichu/0021-neibulei.md", "rname": "0021-\u5185\u90e8\u7c7b.md", "mtime": 1423805067.0, "mode": "file", "name": "0021-neibulei.md"}, {"path": "dist/markdown/basic/Javajichu/0022-yichangjichuli.md", "rname": "0022-\u5f02\u5e38\u53ca\u5904\u7406.md", "mtime": 1423805067.0, "mode": "file", "name": "0022-yichangjichuli.md"}, {"path": "dist/markdown/basic/Javajichu/0023-duanyan(assert).md", "rname": "0023-\u65ad\u8a00(assert).md", "mtime": 1423805067.0, "mode": "file", "name": "0023-duanyan(assert).md"}, {"path": "dist/markdown/basic/Javajichu/0024-\u201c==\u201dheequalsfangfajiujingyoushimoqubie\uff1f.md", "rname": "0024-\u201c==\u201d\u548cequals\u65b9\u6cd5\u7a76\u7adf\u6709\u4ec0\u4e48\u533a\u522b\uff1f.md", "mtime": 1423805067.0, "mode": "file", "name": "0024-\u201c==\u201dheequalsfangfajiujingyoushimoqubie\uff1f.md"}, {"path": "dist/markdown/basic/Javajichu/0025-OverloadheOverridediqubie\u3002Overloadeddifangfashifoukeyigaibianfanhuizhidileixing\uff1f.md", "rname": "0025-Overload\u548cOverride\u7684\u533a\u522b\u3002Overloaded\u7684\u65b9\u6cd5\u662f\u5426\u53ef\u4ee5\u6539\u53d8\u8fd4\u56de\u503c\u7684\u7c7b\u578b\uff1f.md", "mtime": 1423805067.0, "mode": "file", "name": "0025-OverloadheOverridediqubie\u3002Overloadeddifangfashifoukeyigaibianfanhuizhidileixing\uff1f.md"}, {"path": "dist/markdown/basic/Javajichu/0026-abstract classheinterfaceyoushimoqubie\uff1f.md", "rname": "0026-abstract class\u548cinterface\u6709\u4ec0\u4e48\u533a\u522b\uff1f.md", "mtime": 1423805067.0, "mode": "file", "name": "0026-abstract classheinterfaceyoushimoqubie\uff1f.md"}, {"path": "dist/markdown/basic/Javajichu/0027-class.forNamedizuoyong\uff1f.md", "rname": "0027-class.forName\u7684\u4f5c\u7528\uff1f.md", "mtime": 1423805067.0, "mode": "file", "name": "0027-class.forNamedizuoyong\uff1f.md"}, {"path": "dist/markdown/basic/Javajichu/0028-ClassLoaderruhejiazaiclass\uff1f.md", "rname": "0028-ClassLoader\u5982\u4f55\u52a0\u8f7dclass\uff1f.md", "mtime": 1423805067.0, "mode": "file", "name": "0028-ClassLoaderruhejiazaiclass\uff1f.md"}, {"path": "dist/markdown/basic/Javajichu/0029-hashCodefangfadizuoyong\uff1f.md", "rname": "0029-hashCode\u65b9\u6cd5\u7684\u4f5c\u7528\uff1f.md", "mtime": 1423805067.0, "mode": "file", "name": "0029-hashCodefangfadizuoyong\uff1f.md"}, {"path": "dist/markdown/basic/Javajichu/0030-shifoukecongyigestaticfangfaneifachuduifeistaticfangfaditiaoyong\uff1f.md", "rname": "0030-\u662f\u5426\u53ef\u4ece\u4e00\u4e2astatic\u65b9\u6cd5\u5185\u53d1\u51fa\u5bf9\u975estatic\u65b9\u6cd5\u7684\u8c03\u7528\uff1f.md", "mtime": 1423805067.0, "mode": "file", "name": "0030-shifoukecongyigestaticfangfaneifachuduifeistaticfangfaditiaoyong\uff1f.md"}], "rname": "Java\u57fa\u7840", "name": "Javajichu", "mode": "tree", "mtime": 1423918645.0, "path": "dist/markdown/basic/Javajichu"}