{"files": [{"path": "java/0007-shejimoshi/0001-shejimoshiliudayuanze/0000-shejimoshiliudayuanze\uff081\uff09\uff1adanyizhizeyuanze.md", "rname": "0000-\u8bbe\u8ba1\u6a21\u5f0f\u516d\u5927\u539f\u5219\uff081\uff09\uff1a\u5355\u4e00\u804c\u8d23\u539f\u5219.md", "mtime": 1423805067.0, "mode": "file", "name": "0000-shejimoshiliudayuanze\uff081\uff09\uff1adanyizhizeyuanze.md"}, {"path": "java/0007-shejimoshi/0001-shejimoshiliudayuanze/0001-shejimoshiliudayuanze\uff082\uff09\uff1alishitihuanyuanze.md", "rname": "0001-\u8bbe\u8ba1\u6a21\u5f0f\u516d\u5927\u539f\u5219\uff082\uff09\uff1a\u91cc\u6c0f\u66ff\u6362\u539f\u5219.md", "mtime": 1423805067.0, "mode": "file", "name": "0001-shejimoshiliudayuanze\uff082\uff09\uff1alishitihuanyuanze.md"}, {"path": "java/0007-shejimoshi/0001-shejimoshiliudayuanze/0002-shejimoshiliudayuanze\uff083\uff09\uff1ayilaidaozhiyuanze.md", "rname": "0002-\u8bbe\u8ba1\u6a21\u5f0f\u516d\u5927\u539f\u5219\uff083\uff09\uff1a\u4f9d\u8d56\u5012\u7f6e\u539f\u5219.md", "mtime": 1423805067.0, "mode": "file", "name": "0002-shejimoshiliudayuanze\uff083\uff09\uff1ayilaidaozhiyuanze.md"}, {"path": "java/0007-shejimoshi/0001-shejimoshiliudayuanze/0003-shejimoshiliudayuanze\uff084\uff09\uff1ajiekougeliyuanze.md", "rname": "0003-\u8bbe\u8ba1\u6a21\u5f0f\u516d\u5927\u539f\u5219\uff084\uff09\uff1a\u63a5\u53e3\u9694\u79bb\u539f\u5219.md", "mtime": 1423805067.0, "mode": "file", "name": "0003-shejimoshiliudayuanze\uff084\uff09\uff1ajiekougeliyuanze.md"}, {"path": "java/0007-shejimoshi/0001-shejimoshiliudayuanze/0004-shejimoshiliudayuanze\uff085\uff09\uff1adimitefaze.md", "rname": "0004-\u8bbe\u8ba1\u6a21\u5f0f\u516d\u5927\u539f\u5219\uff085\uff09\uff1a\u8fea\u7c73\u7279\u6cd5\u5219.md", "mtime": 1423805067.0, "mode": "file", "name": "0004-shejimoshiliudayuanze\uff085\uff09\uff1adimitefaze.md"}, {"path": "java/0007-shejimoshi/0001-shejimoshiliudayuanze/0005-shejimoshiliudayuanze\uff086\uff09\uff1akaibiyuanze.md", "rname": "0005-\u8bbe\u8ba1\u6a21\u5f0f\u516d\u5927\u539f\u5219\uff086\uff09\uff1a\u5f00\u95ed\u539f\u5219.md", "mtime": 1423805067.0, "mode": "file", "name": "0005-shejimoshiliudayuanze\uff086\uff09\uff1akaibiyuanze.md"}], "rname": "0001-\u8bbe\u8ba1\u6a21\u5f0f\u516d\u5927\u539f\u5219", "name": "0001-shejimoshiliudayuanze", "mode": "tree", "mtime": 1423918645.0, "path": "java/0007-shejimoshi/0001-shejimoshiliudayuanze"}