{"files": [{"path": "java/0007-shejimoshi/0001-shejimoshiliudayuanze/0000-shejimoshiliudayuanze(1)danyizhizeyuanze.md", "rname": "0000-\u8bbe\u8ba1\u6a21\u5f0f\u516d\u5927\u539f\u5219(1)\u5355\u4e00\u804c\u8d23\u539f\u5219.md", "mtime": 1423805067.0, "mode": "file", "name": "0000-shejimoshiliudayuanze(1)danyizhizeyuanze.md"}, {"path": "java/0007-shejimoshi/0001-shejimoshiliudayuanze/0001-shejimoshiliudayuanze(2)lishitihuanyuanze.md", "rname": "0001-\u8bbe\u8ba1\u6a21\u5f0f\u516d\u5927\u539f\u5219(2)\u91cc\u6c0f\u66ff\u6362\u539f\u5219.md", "mtime": 1423805067.0, "mode": "file", "name": "0001-shejimoshiliudayuanze(2)lishitihuanyuanze.md"}, {"path": "java/0007-shejimoshi/0001-shejimoshiliudayuanze/0002-shejimoshiliudayuanze(3)yilaidaozhiyuanze.md", "rname": "0002-\u8bbe\u8ba1\u6a21\u5f0f\u516d\u5927\u539f\u5219(3)\u4f9d\u8d56\u5012\u7f6e\u539f\u5219.md", "mtime": 1423805067.0, "mode": "file", "name": "0002-shejimoshiliudayuanze(3)yilaidaozhiyuanze.md"}, {"path": "java/0007-shejimoshi/0001-shejimoshiliudayuanze/0003-shejimoshiliudayuanze(4)jiekougeliyuanze.md", "rname": "0003-\u8bbe\u8ba1\u6a21\u5f0f\u516d\u5927\u539f\u5219(4)\u63a5\u53e3\u9694\u79bb\u539f\u5219.md", "mtime": 1423805067.0, "mode": "file", "name": "0003-shejimoshiliudayuanze(4)jiekougeliyuanze.md"}, {"path": "java/0007-shejimoshi/0001-shejimoshiliudayuanze/0004-shejimoshiliudayuanze(5)dimitefaze.md", "rname": "0004-\u8bbe\u8ba1\u6a21\u5f0f\u516d\u5927\u539f\u5219(5)\u8fea\u7c73\u7279\u6cd5\u5219.md", "mtime": 1423805067.0, "mode": "file", "name": "0004-shejimoshiliudayuanze(5)dimitefaze.md"}, {"path": "java/0007-shejimoshi/0001-shejimoshiliudayuanze/0005-shejimoshiliudayuanze(6)kaibiyuanze.md", "rname": "0005-\u8bbe\u8ba1\u6a21\u5f0f\u516d\u5927\u539f\u5219(6)\u5f00\u95ed\u539f\u5219.md", "mtime": 1423805067.0, "mode": "file", "name": "0005-shejimoshiliudayuanze(6)kaibiyuanze.md"}], "rname": "0001-\u8bbe\u8ba1\u6a21\u5f0f\u516d\u5927\u539f\u5219", "name": "0001-shejimoshiliudayuanze", "mode": "tree", "mtime": 1424610892.0, "path": "java/0007-shejimoshi/0001-shejimoshiliudayuanze"}