{"files": [{"path": "markdown/framework/hibernate/0000-Hibernate\u7684\u4ecb\u7ecd.md", "mtime": 1423299926.0, "mode": "file", "name": "0000-Hibernate\u7684\u4ecb\u7ecd.md"}, {"path": "markdown/framework/hibernate/0001-\u516b\u6b65\u8be6\u89e3Hibernate\u7684\u642d\u5efa\u53ca\u4f7f\u7528.md", "mtime": 1423299926.0, "mode": "file", "name": "0001-\u516b\u6b65\u8be6\u89e3Hibernate\u7684\u642d\u5efa\u53ca\u4f7f\u7528.md"}, {"path": "markdown/framework/hibernate/0002-Hibernate\u5bf9\u8c61\u7684\u72b6\u6001\u8f6c\u6362.md", "mtime": 1423299926.0, "mode": "file", "name": "0002-Hibernate\u5bf9\u8c61\u7684\u72b6\u6001\u8f6c\u6362.md"}, {"path": "markdown/framework/hibernate/0003-\u60b2\u89c2\u9501\u4e0e\u4e50\u89c2\u9501.md", "mtime": 1423299926.0, "mode": "file", "name": "0003-\u60b2\u89c2\u9501\u4e0e\u4e50\u89c2\u9501.md"}, {"path": "markdown/framework/hibernate/0004-\u4e8b\u52a1\u7684\u5e76\u53d1\u63a7\u5236.md", "mtime": 1423299926.0, "mode": "file", "name": "0004-\u4e8b\u52a1\u7684\u5e76\u53d1\u63a7\u5236.md"}, {"path": "markdown/framework/hibernate/0005-\u5173\u7cfb\u6620\u5c04.md", "mtime": 1423299926.0, "mode": "file", "name": "0005-\u5173\u7cfb\u6620\u5c04.md"}, {"path": "markdown/framework/hibernate/0006-\u5173\u8054\u7684CURD.md", "mtime": 1423299926.0, "mode": "file", "name": "0006-\u5173\u8054\u7684CURD.md"}], "path": "markdown/framework/hibernate", "mtime": 1423300260.0, "mode": "tree", "name": "hibernate"}