{"files": [{"path": "markdown/puzzle/\u8868\u8fbe\u5f0f\u8c1c\u9898/0000-\u8c1c\u98981\uff1a\u5947\u6570\u6027.md", "mtime": 1423299926.0, "mode": "file", "name": "0000-\u8c1c\u98981\uff1a\u5947\u6570\u6027.md"}, {"path": "markdown/puzzle/\u8868\u8fbe\u5f0f\u8c1c\u9898/0001-\u8c1c\u98982\uff1a\u627e\u96f6\u65f6\u523b.md", "mtime": 1423299926.0, "mode": "file", "name": "0001-\u8c1c\u98982\uff1a\u627e\u96f6\u65f6\u523b.md"}, {"path": "markdown/puzzle/\u8868\u8fbe\u5f0f\u8c1c\u9898/0002-\u8c1c\u98983\uff1a\u957f\u6574\u9664.md", "mtime": 1423299926.0, "mode": "file", "name": "0002-\u8c1c\u98983\uff1a\u957f\u6574\u9664.md"}, {"path": "markdown/puzzle/\u8868\u8fbe\u5f0f\u8c1c\u9898/0003-\u8c1c\u98984\uff1a\u521d\u7ea7\u95ee\u9898.md", "mtime": 1423299926.0, "mode": "file", "name": "0003-\u8c1c\u98984\uff1a\u521d\u7ea7\u95ee\u9898.md"}, {"path": "markdown/puzzle/\u8868\u8fbe\u5f0f\u8c1c\u9898/0004-\u8c1c\u98985\uff1a\u5341\u516d\u8fdb\u5236\u7684\u8da3\u4e8b.md", "mtime": 1423299926.0, "mode": "file", "name": "0004-\u8c1c\u98985\uff1a\u5341\u516d\u8fdb\u5236\u7684\u8da3\u4e8b.md"}, {"path": "markdown/puzzle/\u8868\u8fbe\u5f0f\u8c1c\u9898/0005-\u8c1c\u98986\uff1a\u591a\u91cd\u8f6c\u578b.md", "mtime": 1423299926.0, "mode": "file", "name": "0005-\u8c1c\u98986\uff1a\u591a\u91cd\u8f6c\u578b.md"}, {"path": "markdown/puzzle/\u8868\u8fbe\u5f0f\u8c1c\u9898/0006-\u8c1c\u98987\uff1a\u4e92\u6362\u5185\u5bb9.md", "mtime": 1423299926.0, "mode": "file", "name": "0006-\u8c1c\u98987\uff1a\u4e92\u6362\u5185\u5bb9.md"}, {"path": "markdown/puzzle/\u8868\u8fbe\u5f0f\u8c1c\u9898/0007-\u8c1c\u98988\uff1aDos Equis.md", "mtime": 1423299926.0, "mode": "file", "name": "0007-\u8c1c\u98988\uff1aDos Equis.md"}, {"path": "markdown/puzzle/\u8868\u8fbe\u5f0f\u8c1c\u9898/0008-\u8c1c\u98989\uff1a\u534a\u65a4.md", "mtime": 1423299926.0, "mode": "file", "name": "0008-\u8c1c\u98989\uff1a\u534a\u65a4.md"}, {"path": "markdown/puzzle/\u8868\u8fbe\u5f0f\u8c1c\u9898/0009-\u8c1c\u989810\uff1a\u516b\u4e24.md", "mtime": 1423299926.0, "mode": "file", "name": "0009-\u8c1c\u989810\uff1a\u516b\u4e24.md"}], "path": "markdown/puzzle/\u8868\u8fbe\u5f0f\u8c1c\u9898", "mtime": 1423300260.0, "mode": "tree", "name": "\u8868\u8fbe\u5f0f\u8c1c\u9898"}