{"files": [{"path": "java/puzzle/yichangmiti/0000-miti36\uff1ayourouguaduan.md", "rname": "0000-\u8c1c\u989836\uff1a\u4f18\u67d4\u5be1\u65ad.md", "mtime": 1423805067.0, "mode": "file", "name": "0000-miti36\uff1ayourouguaduan.md"}, {"path": "java/puzzle/yichangmiti/0001-miti37\uff1ajiduanbukesiyi.md", "rname": "0001-\u8c1c\u989837\uff1a\u6781\u7aef\u4e0d\u53ef\u601d\u8bae.md", "mtime": 1423805067.0, "mode": "file", "name": "0001-miti37\uff1ajiduanbukesiyi.md"}, {"path": "java/puzzle/yichangmiti/0002-miti38\uff1abushouhuanyingdibinke.md", "rname": "0002-\u8c1c\u989838\uff1a\u4e0d\u53d7\u6b22\u8fce\u7684\u5bbe\u5ba2.md", "mtime": 1423805067.0, "mode": "file", "name": "0002-miti38\uff1abushouhuanyingdibinke.md"}, {"path": "java/puzzle/yichangmiti/0003-miti39\uff1aninhao\uff0czaijian\uff01.md", "rname": "0003-\u8c1c\u989839\uff1a\u60a8\u597d\uff0c\u518d\u89c1\uff01.md", "mtime": 1423805067.0, "mode": "file", "name": "0003-miti39\uff1aninhao\uff0czaijian\uff01.md"}, {"path": "java/puzzle/yichangmiti/0004-miti40\uff1abuqingyuandigouzaoqi.md", "rname": "0004-\u8c1c\u989840\uff1a\u4e0d\u60c5\u613f\u7684\u6784\u9020\u5668.md", "mtime": 1423805067.0, "mode": "file", "name": "0004-miti40\uff1abuqingyuandigouzaoqi.md"}, {"path": "java/puzzle/yichangmiti/0005-miti41\uff1ayuheliu.md", "rname": "0005-\u8c1c\u989841\uff1a\u57df\u548c\u6d41.md", "mtime": 1423805067.0, "mode": "file", "name": "0005-miti41\uff1ayuheliu.md"}, {"path": "java/puzzle/yichangmiti/0006-miti42\uff1ayichangweixunhuanerpao.md", "rname": "0006-\u8c1c\u989842\uff1a\u5f02\u5e38\u4e3a\u5faa\u73af\u800c\u629b.md", "mtime": 1423805067.0, "mode": "file", "name": "0006-miti42\uff1ayichangweixunhuanerpao.md"}, {"path": "java/puzzle/yichangmiti/0007-miti43\uff1ayichangdiweixian.md", "rname": "0007-\u8c1c\u989843\uff1a\u5f02\u5e38\u5730\u5371\u9669.md", "mtime": 1423805067.0, "mode": "file", "name": "0007-miti43\uff1ayichangdiweixian.md"}, {"path": "java/puzzle/yichangmiti/0008-miti44\uff1aqiediaolei.md", "rname": "0008-\u8c1c\u989844\uff1a\u5207\u6389\u7c7b.md", "mtime": 1423805067.0, "mode": "file", "name": "0008-miti44\uff1aqiediaolei.md"}, {"path": "java/puzzle/yichangmiti/0009-miti45\uff1alingrenpibeibukandiceyan.md", "rname": "0009-\u8c1c\u989845\uff1a\u4ee4\u4eba\u75b2\u60eb\u4e0d\u582a\u7684\u6d4b\u9a8c.md", "mtime": 1423805067.0, "mode": "file", "name": "0009-miti45\uff1alingrenpibeibukandiceyan.md"}], "rname": "\u5f02\u5e38\u8c1c\u9898", "name": "yichangmiti", "mode": "tree", "mtime": 1423918645.0, "path": "java/puzzle/yichangmiti"}