{"files": [{"path": "markdown/framework/spring/0000-spring\u57fa\u7840.md", "mtime": 1423299926.0, "mode": "file", "name": "0000-spring\u57fa\u7840.md"}, {"path": "markdown/framework/spring/0001-Xml\u914d\u7f6e\u6587\u4ef6\u5c5e\u6027\u7684\u8bf4\u660e.md", "mtime": 1423299926.0, "mode": "file", "name": "0001-Xml\u914d\u7f6e\u6587\u4ef6\u5c5e\u6027\u7684\u8bf4\u660e.md"}, {"path": "markdown/framework/spring/0002-\u4f7f\u7528\u62bd\u8c61bean.md", "mtime": 1423299926.0, "mode": "file", "name": "0002-\u4f7f\u7528\u62bd\u8c61bean.md"}, {"path": "markdown/framework/spring/0003-bean\u5728\u5bb9\u5668\u4e0a\u7684\u751f\u547d\u5468\u671f.md", "mtime": 1423299926.0, "mode": "file", "name": "0003-bean\u5728\u5bb9\u5668\u4e0a\u7684\u751f\u547d\u5468\u671f.md"}, {"path": "markdown/framework/spring/0004-BeanFactory.md", "mtime": 1423299926.0, "mode": "file", "name": "0004-BeanFactory.md"}, {"path": "markdown/framework/spring/0005-\u5de5\u5382bean\u548cbean\u5de5\u5382.md", "mtime": 1423299926.0, "mode": "file", "name": "0005-\u5de5\u5382bean\u548cbean\u5de5\u5382.md"}, {"path": "markdown/framework/spring/0006-\u4f7f\u7528ApplicationContext.md", "mtime": 1423299926.0, "mode": "file", "name": "0006-\u4f7f\u7528ApplicationContext.md"}, {"path": "markdown/framework/spring/0007-spring\u5b8c\u6210\u81ea\u52a8\u88c5\u914d.md", "mtime": 1423299926.0, "mode": "file", "name": "0007-spring\u5b8c\u6210\u81ea\u52a8\u88c5\u914d.md"}, {"path": "markdown/framework/spring/0008-BeanFactoryAware\u548cBeanNameAware.md", "mtime": 1423299926.0, "mode": "file", "name": "0008-BeanFactoryAware\u548cBeanNameAware.md"}, {"path": "markdown/framework/spring/0009-aop\u76f8\u5173\u672f\u8bed .md", "mtime": 1423299926.0, "mode": "file", "name": "0009-aop\u76f8\u5173\u672f\u8bed .md"}, {"path": "markdown/framework/spring/0010-AOP\u7684\u5de5\u4f5c\u6a21\u5f0f.md", "mtime": 1423299926.0, "mode": "file", "name": "0010-AOP\u7684\u5de5\u4f5c\u6a21\u5f0f.md"}, {"path": "markdown/framework/spring/0011-AOP\u7684\u81ea\u52a8\u4ee3\u7406.md", "mtime": 1423299926.0, "mode": "file", "name": "0011-AOP\u7684\u81ea\u52a8\u4ee3\u7406.md"}, {"path": "markdown/framework/spring/0012-\u6ce8\u5165AspectJ\u5207\u9762.md", "mtime": 1423299926.0, "mode": "file", "name": "0012-\u6ce8\u5165AspectJ\u5207\u9762.md"}, {"path": "markdown/framework/spring/0013-\u4e8b\u52a1\u7ba1\u7406.md", "mtime": 1423299926.0, "mode": "file", "name": "0013-\u4e8b\u52a1\u7ba1\u7406.md"}, {"path": "markdown/framework/spring/0014-\u5728spring\u4e2d\u624b\u52a8\u7f16\u5199\u4e8b\u52a1.md", "mtime": 1423299926.0, "mode": "file", "name": "0014-\u5728spring\u4e2d\u624b\u52a8\u7f16\u5199\u4e8b\u52a1.md"}, {"path": "markdown/framework/spring/0015-\u58f0\u660e\u5f0f\u4e8b\u52a1.md", "mtime": 1423299926.0, "mode": "file", "name": "0015-\u58f0\u660e\u5f0f\u4e8b\u52a1.md"}, {"path": "markdown/framework/spring/0016-Spring\u7684\u5b89\u5168\u673a\u5236.md", "mtime": 1423299926.0, "mode": "file", "name": "0016-Spring\u7684\u5b89\u5168\u673a\u5236.md"}, {"path": "markdown/framework/spring/0017-Spring\u7684\u8fdc\u7a0b\u8c03\u7528.md", "mtime": 1423299926.0, "mode": "file", "name": "0017-Spring\u7684\u8fdc\u7a0b\u8c03\u7528.md"}, {"path": "markdown/framework/spring/0018-Spring\u7684Web\u670d\u52a1.md", "mtime": 1423299926.0, "mode": "file", "name": "0018-Spring\u7684Web\u670d\u52a1.md"}, {"path": "markdown/framework/spring/0019-Spring\u7684\u6d88\u606f Java Message Service \uff08JMS\uff09.md", "mtime": 1423299926.0, "mode": "file", "name": "0019-Spring\u7684\u6d88\u606f Java Message Service \uff08JMS\uff09.md"}, {"path": "markdown/framework/spring/0020-AOP\u9762\u5411\u5207\u9762\u7f16\u7a0b.md", "mtime": 1423299926.0, "mode": "file", "name": "0020-AOP\u9762\u5411\u5207\u9762\u7f16\u7a0b.md"}, {"path": "markdown/framework/spring/0021-Spring\u7684\u4e09\u79cd\u6ce8\u5165\u65b9\u5f0f.md", "mtime": 1423299926.0, "mode": "file", "name": "0021-Spring\u7684\u4e09\u79cd\u6ce8\u5165\u65b9\u5f0f.md"}, {"path": "markdown/framework/spring/0022-Spring\u6e90\u7801\u9605\u8bfb\u5165\u95e8\u6307\u5f15.md", "mtime": 1423299926.0, "mode": "file", "name": "0022-Spring\u6e90\u7801\u9605\u8bfb\u5165\u95e8\u6307\u5f15.md"}], "path": "markdown/framework/spring", "mtime": 1423300260.0, "mode": "tree", "name": "spring"}