{"files": [{"path": "dist/markdown/puzzle/gaojimiti/0000-miti86\uff1ayoududikuohaolaji.md", "rname": "0000-\u8c1c\u989886\uff1a\u6709\u6bd2\u7684\u62ec\u53f7\u5783\u573e.md", "mtime": 1423805067.0, "mode": "file", "name": "0000-miti86\uff1ayoududikuohaolaji.md"}, {"path": "dist/markdown/puzzle/gaojimiti/0001-miti87\uff1ajinzhangdiguanxi.md", "rname": "0001-\u8c1c\u989887\uff1a\u7d27\u5f20\u7684\u5173\u7cfb.md", "mtime": 1423805067.0, "mode": "file", "name": "0001-miti87\uff1ajinzhangdiguanxi.md"}, {"path": "dist/markdown/puzzle/gaojimiti/0002-miti88\uff1ayuanshengleixingdichuli.md", "rname": "0002-\u8c1c\u989888\uff1a\u539f\u751f\u7c7b\u578b\u7684\u5904\u7406.md", "mtime": 1423805067.0, "mode": "file", "name": "0002-miti88\uff1ayuanshengleixingdichuli.md"}, {"path": "dist/markdown/puzzle/gaojimiti/0003-miti89\uff1afanxingmiyao.md", "rname": "0003-\u8c1c\u989889\uff1a\u6cdb\u578b\u8ff7\u836f.md", "mtime": 1423805067.0, "mode": "file", "name": "0003-miti89\uff1afanxingmiyao.md"}, {"path": "dist/markdown/puzzle/gaojimiti/0004-miti90\uff1ahuangmiutongkudichaolei.md", "rname": "0004-\u8c1c\u989890\uff1a\u8352\u8c2c\u75db\u82e6\u7684\u8d85\u7c7b.md", "mtime": 1423805067.0, "mode": "file", "name": "0004-miti90\uff1ahuangmiutongkudichaolei.md"}, {"path": "dist/markdown/puzzle/gaojimiti/0005-miti91\uff1axulieshashou.md", "rname": "0005-\u8c1c\u989891\uff1a\u5e8f\u5217\u6740\u624b.md", "mtime": 1423805067.0, "mode": "file", "name": "0005-miti91\uff1axulieshashou.md"}, {"path": "dist/markdown/puzzle/gaojimiti/0006-miti92\uff1ashuangjiaoxian.md", "rname": "0006-\u8c1c\u989892\uff1a\u53cc\u7ede\u7ebf.md", "mtime": 1423805067.0, "mode": "file", "name": "0006-miti92\uff1ashuangjiaoxian.md"}, {"path": "dist/markdown/puzzle/gaojimiti/0007-miti93\uff1aleidizhanzheng.md", "rname": "0007-\u8c1c\u989893\uff1a\u7c7b\u7684\u6218\u4e89.md", "mtime": 1423805067.0, "mode": "file", "name": "0007-miti93\uff1aleidizhanzheng.md"}, {"path": "dist/markdown/puzzle/gaojimiti/0008-miti94\uff1amishizaihunluanzhong.md", "rname": "0008-\u8c1c\u989894\uff1a\u8ff7\u5931\u5728\u6df7\u4e71\u4e2d.md", "mtime": 1423805067.0, "mode": "file", "name": "0008-miti94\uff1amishizaihunluanzhong.md"}, {"path": "dist/markdown/puzzle/gaojimiti/0009-miti95\uff1azhishixietiandian.md", "rname": "0009-\u8c1c\u989895\uff1a\u53ea\u662f\u4e9b\u751c\u70b9.md", "mtime": 1423805067.0, "mode": "file", "name": "0009-miti95\uff1azhishixietiandian.md"}], "rname": "\u9ad8\u7ea7\u8c1c\u9898", "name": "gaojimiti", "mode": "tree", "mtime": 1423918645.0, "path": "dist/markdown/puzzle/gaojimiti"}