{"files": [{"path": "java/0004-shujuku/0001-shujukujichu/0000-zhuliushujukuguanlixitongjieshao.md", "rname": "0000-\u4e3b\u6d41\u6570\u636e\u5e93\u7ba1\u7406\u7cfb\u7edf\u4ecb\u7ecd.md", "mtime": 1423805067.0, "mode": "file", "name": "0000-zhuliushujukuguanlixitongjieshao.md"}, {"path": "java/0004-shujuku/0001-shujukujichu/0001-Catalog.md", "rname": "0001-Catalog.md", "mtime": 1423805067.0, "mode": "file", "name": "0001-Catalog.md"}, {"path": "java/0004-shujuku/0001-shujukujichu/0002-biao(Table).md", "rname": "0002-\u8868(Table).md", "mtime": 1423805067.0, "mode": "file", "name": "0002-biao(Table).md"}, {"path": "java/0004-shujuku/0001-shujukujichu/0003-lie(Column).md", "rname": "0003-\u5217(Column).md", "mtime": 1423805067.0, "mode": "file", "name": "0003-lie(Column).md"}, {"path": "java/0004-shujuku/0001-shujukujichu/0004-shujuleixing.md", "rname": "0004-\u6570\u636e\u7c7b\u578b.md", "mtime": 1423805067.0, "mode": "file", "name": "0004-shujuleixing.md"}, {"path": "java/0004-shujuku/0001-shujukujichu/0005-jilu(Record).md", "rname": "0005-\u8bb0\u5f55(Record).md", "mtime": 1423805067.0, "mode": "file", "name": "0005-jilu(Record).md"}, {"path": "java/0004-shujuku/0001-shujukujichu/0006-zhujian(PrimaryKey).md", "rname": "0006-\u4e3b\u952e(PrimaryKey).md", "mtime": 1423805067.0, "mode": "file", "name": "0006-zhujian(PrimaryKey).md"}, {"path": "java/0004-shujuku/0001-shujukujichu/0007-suoyin(Index).md", "rname": "0007-\u7d22\u5f15(Index).md", "mtime": 1423805067.0, "mode": "file", "name": "0007-suoyin(Index).md"}, {"path": "java/0004-shujuku/0001-shujukujichu/0008-biaoguanlian.md", "rname": "0008-\u8868\u5173\u8054.md", "mtime": 1423805067.0, "mode": "file", "name": "0008-biaoguanlian.md"}, {"path": "java/0004-shujuku/0001-shujukujichu/0009-shujukudiyuyan-SQL.md", "rname": "0009-\u6570\u636e\u5e93\u7684\u8bed\u8a00-SQL.md", "mtime": 1423805067.0, "mode": "file", "name": "0009-shujukudiyuyan-SQL.md"}], "rname": "0001-\u6570\u636e\u5e93\u57fa\u7840", "name": "0001-shujukujichu", "mode": "tree", "mtime": 1440227657.0, "path": "java/0004-shujuku/0001-shujukujichu"}