{"files": [{"path": "java/advance", "rname": "advance", "mtime": 1423918645.0, "mode": "tree", "name": "advance"}, {"path": "java/arithmetic", "rname": "arithmetic", "mtime": 1423918645.0, "mode": "tree", "name": "arithmetic"}, {"path": "java/basic", "rname": "basic", "mtime": 1423918645.0, "mode": "tree", "name": "basic"}, {"path": "java/database", "rname": "database", "mtime": 1423918645.0, "mode": "tree", "name": "database"}, {"path": "java/framework", "rname": "framework", "mtime": 1423918645.0, "mode": "tree", "name": "framework"}, {"path": "java/java_web", "rname": "java_web", "mtime": 1423918645.0, "mode": "tree", "name": "java_web"}, {"path": "java/pattern", "rname": "pattern", "mtime": 1423918645.0, "mode": "tree", "name": "pattern"}, {"path": "java/puzzle", "rname": "puzzle", "mtime": 1423918645.0, "mode": "tree", "name": "puzzle"}], "rname": "java", "name": "java", "mode": "tree", "mtime": 1423918645.0, "path": "java"}