{"files": [{"path": "markdown/advance", "mtime": 1423300260.0, "mode": "tree", "name": "advance"}, {"path": "markdown/arithmetic", "mtime": 1423300260.0, "mode": "tree", "name": "arithmetic"}, {"path": "markdown/basic", "mtime": 1423300260.0, "mode": "tree", "name": "basic"}, {"path": "markdown/database", "mtime": 1423300260.0, "mode": "tree", "name": "database"}, {"path": "markdown/framework", "mtime": 1423300260.0, "mode": "tree", "name": "framework"}, {"path": "markdown/java_web", "mtime": 1423300260.0, "mode": "tree", "name": "java_web"}, {"path": "markdown/pattern", "mtime": 1423300260.0, "mode": "tree", "name": "pattern"}, {"path": "markdown/puzzle", "mtime": 1423300260.0, "mode": "tree", "name": "puzzle"}], "path": "markdown", "mtime": 1423300260.0, "mode": "tree", "name": "markdown"}