{"files": [{"path": "dist/markdown/advance", "rname": "advance", "mtime": 1423918645.0, "mode": "tree", "name": "advance"}, {"path": "dist/markdown/arithmetic", "rname": "arithmetic", "mtime": 1423918645.0, "mode": "tree", "name": "arithmetic"}, {"path": "dist/markdown/basic", "rname": "basic", "mtime": 1423918645.0, "mode": "tree", "name": "basic"}, {"path": "dist/markdown/database", "rname": "database", "mtime": 1423918645.0, "mode": "tree", "name": "database"}, {"path": "dist/markdown/framework", "rname": "framework", "mtime": 1423918645.0, "mode": "tree", "name": "framework"}, {"path": "dist/markdown/java_web", "rname": "java_web", "mtime": 1423918645.0, "mode": "tree", "name": "java_web"}, {"path": "dist/markdown/pattern", "rname": "pattern", "mtime": 1423918645.0, "mode": "tree", "name": "pattern"}, {"path": "dist/markdown/puzzle", "rname": "puzzle", "mtime": 1423918645.0, "mode": "tree", "name": "puzzle"}], "rname": "markdown", "name": "markdown", "mode": "tree", "mtime": 1423918645.0, "path": "dist/markdown"}