{"files": [{"path": "java/0001-jichu", "rname": "0001-\u57fa\u7840", "mtime": 1424195493.0, "mode": "tree", "name": "0001-jichu"}, {"path": "java/0002-jinjie", "rname": "0002-\u8fdb\u9636", "mtime": 1424195534.0, "mode": "tree", "name": "0002-jinjie"}, {"path": "java/0003-suanfashijian", "rname": "0003-\u7b97\u6cd5\u5b9e\u8df5", "mtime": 1424195564.0, "mode": "tree", "name": "0003-suanfashijian"}, {"path": "java/0004-shujuku", "rname": "0004-\u6570\u636e\u5e93", "mtime": 1424196081.0, "mode": "tree", "name": "0004-shujuku"}, {"path": "java/0005-JavaEE", "rname": "0005-JavaEE", "mtime": 1424196194.0, "mode": "tree", "name": "0005-JavaEE"}, {"path": "java/0006-Webkuangjia", "rname": "0006-Web\u6846\u67b6", "mtime": 1424196249.0, "mode": "tree", "name": "0006-Webkuangjia"}, {"path": "java/0007-shejimoshi", "rname": "0007-\u8bbe\u8ba1\u6a21\u5f0f", "mtime": 1424196334.0, "mode": "tree", "name": "0007-shejimoshi"}, {"path": "java/0008-Javamiti", "rname": "0008-Java\u8c1c\u9898", "mtime": 1424196456.0, "mode": "tree", "name": "0008-Javamiti"}], "rname": "java", "name": "java", "mode": "tree", "mtime": 1424188248.0, "path": "java"}