{"files": [{"path": "dist/markdown/java_web/JSPjianjie/0000-JSPyufa.md", "rname": "0000-JSP\u8bed\u6cd5.md", "mtime": 1423805067.0, "mode": "file", "name": "0000-JSPyufa.md"}, {"path": "dist/markdown/java_web/JSPjianjie/0001-zhilingyuansu.md", "rname": "0001-\u6307\u4ee4\u5143\u7d20.md", "mtime": 1423805067.0, "mode": "file", "name": "0001-zhilingyuansu.md"}, {"path": "dist/markdown/java_web/JSPjianjie/0002-dongzuoyuansu.md", "rname": "0002-\u52a8\u4f5c\u5143\u7d20.md", "mtime": 1423805067.0, "mode": "file", "name": "0002-dongzuoyuansu.md"}, {"path": "dist/markdown/java_web/JSPjianjie/0003-jspzhongdiyinhan9duixiang.md", "rname": "0003-jsp\u4e2d\u7684\u9690\u542b9\u5bf9\u8c61.md", "mtime": 1423805067.0, "mode": "file", "name": "0003-jspzhongdiyinhan9duixiang.md"}, {"path": "dist/markdown/java_web/JSPjianjie/0004-JSPdijigeyemianzhiling.md", "rname": "0004-JSP\u7684\u51e0\u4e2a\u9875\u9762\u6307\u4ee4.md", "mtime": 1423805067.0, "mode": "file", "name": "0004-JSPdijigeyemianzhiling.md"}, {"path": "dist/markdown/java_web/JSPjianjie/0005-JSP(Servlet)zhongconglianjiechihuoqulianjie.md", "rname": "0005-JSP(Servlet)\u4e2d\u4ece\u8fde\u63a5\u6c60\u83b7\u53d6\u8fde\u63a5.md", "mtime": 1423805067.0, "mode": "file", "name": "0005-JSP(Servlet)zhongconglianjiechihuoqulianjie.md"}, {"path": "dist/markdown/java_web/JSPjianjie/0006-chulijavabeandiJSPbiaoqian.md", "rname": "0006-\u5904\u7406javabean\u7684JSP\u6807\u7b7e.md", "mtime": 1423805067.0, "mode": "file", "name": "0006-chulijavabeandiJSPbiaoqian.md"}, {"path": "dist/markdown/java_web/JSPjianjie/0007-shiyongzidingyidibiaoqian.md", "rname": "0007-\u4f7f\u7528\u81ea\u5b9a\u4e49\u7684\u6807\u7b7e.md", "mtime": 1423805067.0, "mode": "file", "name": "0007-shiyongzidingyidibiaoqian.md"}, {"path": "dist/markdown/java_web/JSPjianjie/0008-ELbiaodashi.md", "rname": "0008-EL\u8868\u8fbe\u5f0f.md", "mtime": 1423805067.0, "mode": "file", "name": "0008-ELbiaodashi.md"}, {"path": "dist/markdown/java_web/JSPjianjie/0009-weiJSPxiediyitaohexinbiaoqian.md", "rname": "0009-\u4e3aJSP\u5199\u7684\u4e00\u5957\u6838\u5fc3\u6807\u7b7e.md", "mtime": 1423805067.0, "mode": "file", "name": "0009-weiJSPxiediyitaohexinbiaoqian.md"}, {"path": "dist/markdown/java_web/JSPjianjie/0010-MVC.md", "rname": "0010-MVC.md", "mtime": 1423805067.0, "mode": "file", "name": "0010-MVC.md"}], "rname": "JSP\u7b80\u4ecb", "name": "JSPjianjie", "mode": "tree", "mtime": 1423918645.0, "path": "dist/markdown/java_web/JSPjianjie"}