{"files": [{"path": "dist/markdown/pattern/jiegouxingmoshi/0000-23zhongshejimoshi\uff0817\uff09\uff1ashipeiqimoshi.md", "rname": "0000-23\u79cd\u8bbe\u8ba1\u6a21\u5f0f\uff0817\uff09\uff1a\u9002\u914d\u5668\u6a21\u5f0f.md", "mtime": 1423805067.0, "mode": "file", "name": "0000-23zhongshejimoshi\uff0817\uff09\uff1ashipeiqimoshi.md"}, {"path": "dist/markdown/pattern/jiegouxingmoshi/0001-23zhongshejimoshi\uff0818\uff09\uff1aqiaojiemoshi.md", "rname": "0001-23\u79cd\u8bbe\u8ba1\u6a21\u5f0f\uff0818\uff09\uff1a\u6865\u63a5\u6a21\u5f0f.md", "mtime": 1423805067.0, "mode": "file", "name": "0001-23zhongshejimoshi\uff0818\uff09\uff1aqiaojiemoshi.md"}, {"path": "dist/markdown/pattern/jiegouxingmoshi/0002-23zhongshejimoshi\uff0819\uff09\uff1azuhemoshi.md", "rname": "0002-23\u79cd\u8bbe\u8ba1\u6a21\u5f0f\uff0819\uff09\uff1a\u7ec4\u5408\u6a21\u5f0f.md", "mtime": 1423805067.0, "mode": "file", "name": "0002-23zhongshejimoshi\uff0819\uff09\uff1azuhemoshi.md"}, {"path": "dist/markdown/pattern/jiegouxingmoshi/0003-23zhongshejimoshi\uff0820\uff09\uff1azhuangshimoshi.md", "rname": "0003-23\u79cd\u8bbe\u8ba1\u6a21\u5f0f\uff0820\uff09\uff1a\u88c5\u9970\u6a21\u5f0f.md", "mtime": 1423805067.0, "mode": "file", "name": "0003-23zhongshejimoshi\uff0820\uff09\uff1azhuangshimoshi.md"}, {"path": "dist/markdown/pattern/jiegouxingmoshi/0004-23zhongshejimoshi\uff0821\uff09\uff1awaiguanmoshi.md", "rname": "0004-23\u79cd\u8bbe\u8ba1\u6a21\u5f0f\uff0821\uff09\uff1a\u5916\u89c2\u6a21\u5f0f.md", "mtime": 1423805067.0, "mode": "file", "name": "0004-23zhongshejimoshi\uff0821\uff09\uff1awaiguanmoshi.md"}, {"path": "dist/markdown/pattern/jiegouxingmoshi/0005-23zhongshejimoshi\uff0822\uff09\uff1axiangyuanmoshi.md", "rname": "0005-23\u79cd\u8bbe\u8ba1\u6a21\u5f0f\uff0822\uff09\uff1a\u4eab\u5143\u6a21\u5f0f.md", "mtime": 1423805067.0, "mode": "file", "name": "0005-23zhongshejimoshi\uff0822\uff09\uff1axiangyuanmoshi.md"}, {"path": "dist/markdown/pattern/jiegouxingmoshi/0006-23zhongshejimoshi\uff0823\uff09\uff1adailimoshi.md", "rname": "0006-23\u79cd\u8bbe\u8ba1\u6a21\u5f0f\uff0823\uff09\uff1a\u4ee3\u7406\u6a21\u5f0f.md", "mtime": 1423805067.0, "mode": "file", "name": "0006-23zhongshejimoshi\uff0823\uff09\uff1adailimoshi.md"}], "rname": "\u7ed3\u6784\u578b\u6a21\u5f0f", "name": "jiegouxingmoshi", "mode": "tree", "mtime": 1423918645.0, "path": "dist/markdown/pattern/jiegouxingmoshi"}