{"files": [{"path": "java/0007-shejimoshi/0002-chuangjianxingmoshi/0000-23zhongshejimoshi(1)danlimoshi.md", "rname": "0000-23\u79cd\u8bbe\u8ba1\u6a21\u5f0f(1)\u5355\u4f8b\u6a21\u5f0f.md", "mtime": 1423805067.0, "mode": "file", "name": "0000-23zhongshejimoshi(1)danlimoshi.md"}, {"path": "java/0007-shejimoshi/0002-chuangjianxingmoshi/0001-23zhongshejimoshi(2)gongchangfangfamoshi.md", "rname": "0001-23\u79cd\u8bbe\u8ba1\u6a21\u5f0f(2)\u5de5\u5382\u65b9\u6cd5\u6a21\u5f0f.md", "mtime": 1423805067.0, "mode": "file", "name": "0001-23zhongshejimoshi(2)gongchangfangfamoshi.md"}, {"path": "java/0007-shejimoshi/0002-chuangjianxingmoshi/0002-23zhongshejimoshi(3)chouxianggongchangmoshi.md", "rname": "0002-23\u79cd\u8bbe\u8ba1\u6a21\u5f0f(3)\u62bd\u8c61\u5de5\u5382\u6a21\u5f0f.md", "mtime": 1423805067.0, "mode": "file", "name": "0002-23zhongshejimoshi(3)chouxianggongchangmoshi.md"}, {"path": "java/0007-shejimoshi/0002-chuangjianxingmoshi/0003-23zhongshejimoshi(4)jianzaozhemoshi.md", "rname": "0003-23\u79cd\u8bbe\u8ba1\u6a21\u5f0f(4)\u5efa\u9020\u8005\u6a21\u5f0f.md", "mtime": 1423805067.0, "mode": "file", "name": "0003-23zhongshejimoshi(4)jianzaozhemoshi.md"}, {"path": "java/0007-shejimoshi/0002-chuangjianxingmoshi/0004-23zhongshejimoshi(5)yuanxingmoshi.md", "rname": "0004-23\u79cd\u8bbe\u8ba1\u6a21\u5f0f(5)\u539f\u578b\u6a21\u5f0f.md", "mtime": 1423805067.0, "mode": "file", "name": "0004-23zhongshejimoshi(5)yuanxingmoshi.md"}, {"path": "java/0007-shejimoshi/0002-chuangjianxingmoshi/0005-chuangjianxingmoshizongjie.md", "rname": "0005-\u521b\u5efa\u578b\u6a21\u5f0f\u603b\u7ed3.md", "mtime": 1423805067.0, "mode": "file", "name": "0005-chuangjianxingmoshizongjie.md"}], "rname": "0002-\u521b\u5efa\u578b\u6a21\u5f0f", "name": "0002-chuangjianxingmoshi", "mode": "tree", "mtime": 1424610948.0, "path": "java/0007-shejimoshi/0002-chuangjianxingmoshi"}