{"files": [{"path": "java/0001-jichu/0007-fanshe/0000-fanshejianjie.md", "rname": "0000-\u53cd\u5c04\u7b80\u4ecb.md", "mtime": 1423805067.0, "mode": "file", "name": "0000-fanshejianjie.md"}, {"path": "java/0001-jichu/0007-fanshe/0001-yigejiandandilizi.md", "rname": "0001-\u4e00\u4e2a\u7b80\u5355\u7684\u4f8b\u5b50.md", "mtime": 1423805067.0, "mode": "file", "name": "0001-yigejiandandilizi.md"}, {"path": "java/0001-jichu/0007-fanshe/0002-kaishishiyongReflection.md", "rname": "0002-\u5f00\u59cb\u4f7f\u7528Reflection.md", "mtime": 1423805067.0, "mode": "file", "name": "0002-kaishishiyongReflection.md"}, {"path": "java/0001-jichu/0007-fanshe/0003-zhaochuleidifangfa.md", "rname": "0003-\u627e\u51fa\u7c7b\u7684\u65b9\u6cd5.md", "mtime": 1423805067.0, "mode": "file", "name": "0003-zhaochuleidifangfa.md"}, {"path": "java/0001-jichu/0007-fanshe/0004-huoqugouzaoqidixinxi.md", "rname": "0004-\u83b7\u53d6\u6784\u9020\u5668\u7684\u4fe1\u606f.md", "mtime": 1423805067.0, "mode": "file", "name": "0004-huoqugouzaoqidixinxi.md"}, {"path": "java/0001-jichu/0007-fanshe/0005-huoquleidiziduan.md", "rname": "0005-\u83b7\u53d6\u7c7b\u7684\u5b57\u6bb5.md", "mtime": 1423805067.0, "mode": "file", "name": "0005-huoquleidiziduan.md"}, {"path": "java/0001-jichu/0007-fanshe/0006-genjufangfadimingchenglaizhihangfangfa.md", "rname": "0006-\u6839\u636e\u65b9\u6cd5\u7684\u540d\u79f0\u6765\u6267\u884c\u65b9\u6cd5.md", "mtime": 1423805067.0, "mode": "file", "name": "0006-genjufangfadimingchenglaizhihangfangfa.md"}, {"path": "java/0001-jichu/0007-fanshe/0007-chuangjianxindiduixiang.md", "rname": "0007-\u521b\u5efa\u65b0\u7684\u5bf9\u8c61.md", "mtime": 1423805067.0, "mode": "file", "name": "0007-chuangjianxindiduixiang.md"}, {"path": "java/0001-jichu/0007-fanshe/0008-gaibianziduandizhi.md", "rname": "0008-\u6539\u53d8\u5b57\u6bb5\u7684\u503c.md", "mtime": 1423805067.0, "mode": "file", "name": "0008-gaibianziduandizhi.md"}, {"path": "java/0001-jichu/0007-fanshe/0009-shiyongshuzu.md", "rname": "0009-\u4f7f\u7528\u6570\u7ec4.md", "mtime": 1423805067.0, "mode": "file", "name": "0009-shiyongshuzu.md"}], "rname": "0007-\u53cd\u5c04", "name": "0007-fanshe", "mode": "tree", "mtime": 1424253564.0, "path": "java/0001-jichu/0007-fanshe"}