{"files": [{"path": "java/0004-shujuku/0003-shujudizengshangai/0000-zhunbeishuju.md", "rname": "0000-\u51c6\u5907\u6570\u636e.md", "mtime": 1423805067.0, "mode": "file", "name": "0000-zhunbeishuju.md"}, {"path": "java/0004-shujuku/0003-shujudizengshangai/0001-jiandandiINSERTyuju.md", "rname": "0001-\u7b80\u5355\u7684INSERT\u8bed\u53e5.md", "mtime": 1423805067.0, "mode": "file", "name": "0001-jiandandiINSERTyuju.md"}, {"path": "java/0004-shujuku/0003-shujudizengshangai/0002-jianhuadiINSERTyuju.md", "rname": "0002-\u7b80\u5316\u7684INSERT\u8bed\u53e5.md", "mtime": 1423805067.0, "mode": "file", "name": "0002-jianhuadiINSERTyuju.md"}, {"path": "java/0004-shujuku/0003-shujudizengshangai/0003-feikongyueshuduishujucharudiyingxiang.md", "rname": "0003-\u975e\u7a7a\u7ea6\u675f\u5bf9\u6570\u636e\u63d2\u5165\u7684\u5f71\u54cd.md", "mtime": 1423805067.0, "mode": "file", "name": "0003-feikongyueshuduishujucharudiyingxiang.md"}, {"path": "java/0004-shujuku/0003-shujudizengshangai/0004-zhujianduishujucharudiyingxiang.md", "rname": "0004-\u4e3b\u952e\u5bf9\u6570\u636e\u63d2\u5165\u7684\u5f71\u54cd.md", "mtime": 1423805067.0, "mode": "file", "name": "0004-zhujianduishujucharudiyingxiang.md"}, {"path": "java/0004-shujuku/0003-shujudizengshangai/0005-waijianduishujucharudiyingxiang.md", "rname": "0005-\u5916\u952e\u5bf9\u6570\u636e\u63d2\u5165\u7684\u5f71\u54cd.md", "mtime": 1423805067.0, "mode": "file", "name": "0005-waijianduishujucharudiyingxiang.md"}, {"path": "java/0004-shujuku/0003-shujudizengshangai/0006-jiandandishujugengxin.md", "rname": "0006-\u7b80\u5355\u7684\u6570\u636e\u66f4\u65b0.md", "mtime": 1423805067.0, "mode": "file", "name": "0006-jiandandishujugengxin.md"}, {"path": "java/0004-shujuku/0003-shujudizengshangai/0007-daiWHERE zijudiUPDATEyuju.md", "rname": "0007-\u5e26WHERE \u5b50\u53e5\u7684UPDATE\u8bed\u53e5.md", "mtime": 1423805067.0, "mode": "file", "name": "0007-daiWHERE zijudiUPDATEyuju.md"}, {"path": "java/0004-shujuku/0003-shujudizengshangai/0008-feikongyueshuduishujugengxindiyingxiang.md", "rname": "0008-\u975e\u7a7a\u7ea6\u675f\u5bf9\u6570\u636e\u66f4\u65b0\u7684\u5f71\u54cd.md", "mtime": 1423805067.0, "mode": "file", "name": "0008-feikongyueshuduishujugengxindiyingxiang.md"}, {"path": "java/0004-shujuku/0003-shujudizengshangai/0009-zhujianduishujugengxindiyingxiang.md", "rname": "0009-\u4e3b\u952e\u5bf9\u6570\u636e\u66f4\u65b0\u7684\u5f71\u54cd.md", "mtime": 1423805067.0, "mode": "file", "name": "0009-zhujianduishujugengxindiyingxiang.md"}, {"path": "java/0004-shujuku/0003-shujudizengshangai/0010-waijianduishujugengxindiyingxiang.md", "rname": "0010-\u5916\u952e\u5bf9\u6570\u636e\u66f4\u65b0\u7684\u5f71\u54cd.md", "mtime": 1423805067.0, "mode": "file", "name": "0010-waijianduishujugengxindiyingxiang.md"}, {"path": "java/0004-shujuku/0003-shujudizengshangai/0011-jiandandishujushanchu.md", "rname": "0011-\u7b80\u5355\u7684\u6570\u636e\u5220\u9664.md", "mtime": 1423805067.0, "mode": "file", "name": "0011-jiandandishujushanchu.md"}, {"path": "java/0004-shujuku/0003-shujudizengshangai/0012-daiWHEREzijudiDELETEyuju.md", "rname": "0012-\u5e26WHERE\u5b50\u53e5\u7684DELETE\u8bed\u53e5.md", "mtime": 1423805067.0, "mode": "file", "name": "0012-daiWHEREzijudiDELETEyuju.md"}], "rname": "0003-\u6570\u636e\u7684\u589e\u5220\u6539", "name": "0003-shujudizengshangai", "mode": "tree", "mtime": 1423918645.0, "path": "java/0004-shujuku/0003-shujudizengshangai"}