{"files": [{"path": "java/0003-suanfashijian/0002-paixusuanfa/0000-gaishu.md", "rname": "0000-\u6982\u8ff0.md", "mtime": 1423805067.0, "mode": "file", "name": "0000-gaishu.md"}, {"path": "java/0003-suanfashijian/0002-paixusuanfa/0001-charupaixu.md", "rname": "0001-\u63d2\u5165\u6392\u5e8f.md", "mtime": 1423805067.0, "mode": "file", "name": "0001-charupaixu.md"}, {"path": "java/0003-suanfashijian/0002-paixusuanfa/0002-jiaohuanpaixu.md", "rname": "0002-\u4ea4\u6362\u6392\u5e8f.md", "mtime": 1423805067.0, "mode": "file", "name": "0002-jiaohuanpaixu.md"}, {"path": "java/0003-suanfashijian/0002-paixusuanfa/0003-xuanzepaixu.md", "rname": "0003-\u9009\u62e9\u6392\u5e8f.md", "mtime": 1423805067.0, "mode": "file", "name": "0003-xuanzepaixu.md"}, {"path": "java/0003-suanfashijian/0002-paixusuanfa/0004-guibingpaixu.md", "rname": "0004-\u5f52\u5e76\u6392\u5e8f.md", "mtime": 1423805067.0, "mode": "file", "name": "0004-guibingpaixu.md"}, {"path": "java/0003-suanfashijian/0002-paixusuanfa/0005-jishupaixu.md", "rname": "0005-\u57fa\u6570\u6392\u5e8f.md", "mtime": 1423805067.0, "mode": "file", "name": "0005-jishupaixu.md"}], "rname": "0002-\u6392\u5e8f\u7b97\u6cd5", "name": "0002-paixusuanfa", "mode": "tree", "mtime": 1423918645.0, "path": "java/0003-suanfashijian/0002-paixusuanfa"}