{"files": [{"path": "java/0001-jichu/0005-wangluobiancheng/0000-wangluobianchengjichuzhishi.md", "rname": "0000-\u7f51\u7edc\u7f16\u7a0b\u57fa\u7840\u77e5\u8bc6.md", "mtime": 1423805067.0, "mode": "file", "name": "0000-wangluobianchengjichuzhishi.md"}, {"path": "java/0001-jichu/0005-wangluobiancheng/0001-jiyuURLdigaocengciJavawangluobiancheng.md", "rname": "0001-\u57fa\u4e8eURL\u7684\u9ad8\u5c42\u6b21Java\u7f51\u7edc\u7f16\u7a0b.md", "mtime": 1423805067.0, "mode": "file", "name": "0001-jiyuURLdigaocengciJavawangluobiancheng.md"}, {"path": "java/0001-jichu/0005-wangluobiancheng/0002-jiyuSocketdidicengciJavawangluobiancheng.md", "rname": "0002-\u57fa\u4e8eSocket\u7684\u4f4e\u5c42\u6b21Java\u7f51\u7edc\u7f16\u7a0b.md", "mtime": 1423805067.0, "mode": "file", "name": "0002-jiyuSocketdidicengciJavawangluobiancheng.md"}, {"path": "java/0001-jichu/0005-wangluobiancheng/0003-javabianchengguifan.md", "rname": "0003-java\u7f16\u7a0b\u89c4\u8303.md", "mtime": 1423805067.0, "mode": "file", "name": "0003-javabianchengguifan.md"}], "rname": "0005-\u7f51\u7edc\u7f16\u7a0b", "name": "0005-wangluobiancheng", "mode": "tree", "mtime": 1423918645.0, "path": "java/0001-jichu/0005-wangluobiancheng"}