{"files": [{"path": "java/pattern/hangweixingmoshi/0000-23zhongshejimoshi\uff086\uff09\uff1amobanfangfamoshi.md", "rname": "0000-23\u79cd\u8bbe\u8ba1\u6a21\u5f0f\uff086\uff09\uff1a\u6a21\u7248\u65b9\u6cd5\u6a21\u5f0f.md", "mtime": 1423805067.0, "mode": "file", "name": "0000-23zhongshejimoshi\uff086\uff09\uff1amobanfangfamoshi.md"}, {"path": "java/pattern/hangweixingmoshi/0001-23zhongshejimoshi\uff087\uff09\uff1azhongjiezhemoshi.md", "rname": "0001-23\u79cd\u8bbe\u8ba1\u6a21\u5f0f\uff087\uff09\uff1a\u4e2d\u4ecb\u8005\u6a21\u5f0f.md", "mtime": 1423805067.0, "mode": "file", "name": "0001-23zhongshejimoshi\uff087\uff09\uff1azhongjiezhemoshi.md"}, {"path": "java/pattern/hangweixingmoshi/0002-23zhongshejimoshi\uff088\uff09\uff1aguanchazhemoshi.md", "rname": "0002-23\u79cd\u8bbe\u8ba1\u6a21\u5f0f\uff088\uff09\uff1a\u89c2\u5bdf\u8005\u6a21\u5f0f.md", "mtime": 1423805067.0, "mode": "file", "name": "0002-23zhongshejimoshi\uff088\uff09\uff1aguanchazhemoshi.md"}, {"path": "java/pattern/hangweixingmoshi/0003-23zhongshejimoshi\uff089\uff09\uff1afangwenzhemoshi.md", "rname": "0003-23\u79cd\u8bbe\u8ba1\u6a21\u5f0f\uff089\uff09\uff1a\u8bbf\u95ee\u8005\u6a21\u5f0f.md", "mtime": 1423805067.0, "mode": "file", "name": "0003-23zhongshejimoshi\uff089\uff09\uff1afangwenzhemoshi.md"}, {"path": "java/pattern/hangweixingmoshi/0004-23zhongshejimoshi\uff0810\uff09\uff1aminglingmoshi.md", "rname": "0004-23\u79cd\u8bbe\u8ba1\u6a21\u5f0f\uff0810\uff09\uff1a\u547d\u4ee4\u6a21\u5f0f.md", "mtime": 1423805067.0, "mode": "file", "name": "0004-23zhongshejimoshi\uff0810\uff09\uff1aminglingmoshi.md"}, {"path": "java/pattern/hangweixingmoshi/0005-23zhongshejimoshi\uff0811\uff09\uff1azerenlianmoshi.md", "rname": "0005-23\u79cd\u8bbe\u8ba1\u6a21\u5f0f\uff0811\uff09\uff1a\u8d23\u4efb\u94fe\u6a21\u5f0f.md", "mtime": 1423805067.0, "mode": "file", "name": "0005-23zhongshejimoshi\uff0811\uff09\uff1azerenlianmoshi.md"}, {"path": "java/pattern/hangweixingmoshi/0006-23zhongshejimoshi\uff0812\uff09\uff1acelvemoshi.md", "rname": "0006-23\u79cd\u8bbe\u8ba1\u6a21\u5f0f\uff0812\uff09\uff1a\u7b56\u7565\u6a21\u5f0f.md", "mtime": 1423805067.0, "mode": "file", "name": "0006-23zhongshejimoshi\uff0812\uff09\uff1acelvemoshi.md"}, {"path": "java/pattern/hangweixingmoshi/0007-23zhongshejimoshi\uff0813\uff09\uff1adiedaiqimoshi.md", "rname": "0007-23\u79cd\u8bbe\u8ba1\u6a21\u5f0f\uff0813\uff09\uff1a\u8fed\u4ee3\u5668\u6a21\u5f0f.md", "mtime": 1423805067.0, "mode": "file", "name": "0007-23zhongshejimoshi\uff0813\uff09\uff1adiedaiqimoshi.md"}, {"path": "java/pattern/hangweixingmoshi/0008-23zhongshejimoshi\uff0814\uff09\uff1ajieshiqimoshi.md", "rname": "0008-23\u79cd\u8bbe\u8ba1\u6a21\u5f0f\uff0814\uff09\uff1a\u89e3\u91ca\u5668\u6a21\u5f0f.md", "mtime": 1423805067.0, "mode": "file", "name": "0008-23zhongshejimoshi\uff0814\uff09\uff1ajieshiqimoshi.md"}, {"path": "java/pattern/hangweixingmoshi/0009-23zhongshejimoshi\uff0815\uff09\uff1abeiwanglumoshi.md", "rname": "0009-23\u79cd\u8bbe\u8ba1\u6a21\u5f0f\uff0815\uff09\uff1a\u5907\u5fd8\u5f55\u6a21\u5f0f.md", "mtime": 1423805067.0, "mode": "file", "name": "0009-23zhongshejimoshi\uff0815\uff09\uff1abeiwanglumoshi.md"}, {"path": "java/pattern/hangweixingmoshi/0010-23zhongshejimoshi\uff0816\uff09\uff1azhuangtaimoshi.md", "rname": "0010-23\u79cd\u8bbe\u8ba1\u6a21\u5f0f\uff0816\uff09\uff1a\u72b6\u6001\u6a21\u5f0f.md", "mtime": 1423805067.0, "mode": "file", "name": "0010-23zhongshejimoshi\uff0816\uff09\uff1azhuangtaimoshi.md"}], "rname": "\u884c\u4e3a\u578b\u6a21\u5f0f", "name": "hangweixingmoshi", "mode": "tree", "mtime": 1423918645.0, "path": "java/pattern/hangweixingmoshi"}