{"files": [{"path": "dist/markdown/database/zhuliushujukudiSQLyufachayiyijiejuefangan/0000-jianjie.md", "rname": "0000-\u7b80\u4ecb.md", "mtime": 1423805067.0, "mode": "file", "name": "0000-jianjie.md"}, {"path": "dist/markdown/database/zhuliushujukudiSQLyufachayiyijiejuefangan/0001-shujuleixingdichayi.md", "rname": "0001-\u6570\u636e\u7c7b\u578b\u7684\u5dee\u5f02.md", "mtime": 1423805067.0, "mode": "file", "name": "0001-shujuleixingdichayi.md"}, {"path": "dist/markdown/database/zhuliushujukudiSQLyufachayiyijiejuefangan/0002-yunsuanfudichayi.md", "rname": "0002-\u8fd0\u7b97\u7b26\u7684\u5dee\u5f02.md", "mtime": 1423805067.0, "mode": "file", "name": "0002-yunsuanfudichayi.md"}, {"path": "dist/markdown/database/zhuliushujukudiSQLyufachayiyijiejuefangan/0003-hanshudichayi.md", "rname": "0003-\u51fd\u6570\u7684\u5dee\u5f02.md", "mtime": 1423805067.0, "mode": "file", "name": "0003-hanshudichayi.md"}, {"path": "dist/markdown/database/zhuliushujukudiSQLyufachayiyijiejuefangan/0004-xianzhijieguojihangshu.md", "rname": "0004-\u9650\u5236\u7ed3\u679c\u96c6\u884c\u6570.md", "mtime": 1423805067.0, "mode": "file", "name": "0004-xianzhijieguojihangshu.md"}, {"path": "dist/markdown/database/zhuliushujukudiSQLyufachayiyijiejuefangan/0005-shanchusuoyin.md", "rname": "0005-\u5220\u9664\u7d22\u5f15.md", "mtime": 1423805067.0, "mode": "file", "name": "0005-shanchusuoyin.md"}, {"path": "dist/markdown/database/zhuliushujukudiSQLyufachayiyijiejuefangan/0006-qushujukuxinxi.md", "rname": "0006-\u53d6\u6570\u636e\u5e93\u4fe1\u606f.md", "mtime": 1423805067.0, "mode": "file", "name": "0006-qushujukuxinxi.md"}, {"path": "dist/markdown/database/zhuliushujukudiSQLyufachayiyijiejuefangan/0007-qudesuoyoubiao.md", "rname": "0007-\u53d6\u5f97\u6240\u6709\u8868.md", "mtime": 1423805067.0, "mode": "file", "name": "0007-qudesuoyoubiao.md"}, {"path": "dist/markdown/database/zhuliushujukudiSQLyufachayiyijiejuefangan/0008-qudezhidingSchemaxiadibiao.md", "rname": "0008-\u53d6\u5f97\u6307\u5b9aSchema\u4e0b\u7684\u8868.md", "mtime": 1423805067.0, "mode": "file", "name": "0008-qudezhidingSchemaxiadibiao.md"}, {"path": "dist/markdown/database/zhuliushujukudiSQLyufachayiyijiejuefangan/0009-qudezhidingbiaodiziduandingyi.md", "rname": "0009-\u53d6\u5f97\u6307\u5b9a\u8868\u7684\u5b57\u6bb5\u5b9a\u4e49.md", "mtime": 1423805067.0, "mode": "file", "name": "0009-qudezhidingbiaodiziduandingyi.md"}, {"path": "dist/markdown/database/zhuliushujukudiSQLyufachayiyijiejuefangan/0010-xiaochuchayixingdifangan.md", "rname": "0010-\u6d88\u9664\u5dee\u5f02\u6027\u7684\u65b9\u6848.md", "mtime": 1423805067.0, "mode": "file", "name": "0010-xiaochuchayixingdifangan.md"}], "rname": "\u4e3b\u6d41\u6570\u636e\u5e93\u7684SQL\u8bed\u6cd5\u5dee\u5f02\u4ee5\u89e3\u51b3\u65b9\u6848", "name": "zhuliushujukudiSQLyufachayiyijiejuefangan", "mode": "tree", "mtime": 1423918645.0, "path": "dist/markdown/database/zhuliushujukudiSQLyufachayiyijiejuefangan"}